backslashjasdlf',backslashasdn',0,0,0,1,0,NULL,NULL,NULL,NULL,backslash;',NULL,NULL,NULL,NULL,NULL,backslash',;',dblequote',B.H.',Thursday',2018-07-12 07:55:06'
1',1',0,1,0,0,1,1,0,0,NULL,NULL,spots on plants shelf 3 nutritional ',NULL,NULL,meter 89',NULL,NULL,NULL,NULL,d.p.',Thursday',2018-07-12 08:30:08'
1',2',1,1,0,0,0,2,0,0,NULL,some diods out minor ',nutritional wilt;dry',NULL,NULL,NULL,possible thrips; minor ',NULL,NULL,NULL,d.p.',Thursday',2018-07-12 08:32:11'
1',3',0,0,0,0,0,0,0,0,NULL,NULL,NULL,NULL,NULL,NULL,NULL,NULL,NULL,NULL,d.p.',Thursday',2018-07-12 08:32:38'
1',4',0,0,0,0,0,2,0,0,NULL,NULL,NULL,NULL,NULL,NULL,thrips present minor',NULL,NULL,NULL,d.p.',Thursday',2018-07-12 08:33:11'
1',5',1,0,0,0,0,2,0,0,NULL,one light out shelf one ',NULL,NULL,NULL,NULL,thrips present minor ',NULL,NULL,NULL,d.p.',Thursday',2018-07-12 08:34:09'
1',6',0,0,1,0,0,2,0,0,NULL,0',NULL,needs adjustment ',NULL,NULL,thrips present very minor ',0',NULL,NULL,d.p.',Thursday',2018-07-12 08:36:02'
1',7',0,0,0,0,0,0,0,0,0,NULL,0',NULL,NULL,NULL,NULL,NULL,NULL,0',d.p.',Thursday',2018-07-12 08:36:23'
1',8',1,0,0,0,0,1,0,0,NULL,shelf 2 one light out ',NULL,NULL,NULL,NULL,NULL,NULL,NULL,NULL,d.p.',Thursday',2018-07-12 08:37:07'
1',9',1,1,0,0,0,3,0,0,NULL,shelf 4 one light out ',wilt',NULL,NULL,NULL,thrips present high ',NULL,NULL,NULL,d.p.',Thursday',2018-07-12 08:44:24'
1,10',NULL,NULL,NULL,NULL,NULL,NULL,NULL,NULL,NULL,NULL,NULL,NULL,NULL,NULL,NULL,NULL,NULL,NULL,d.p.',Thursday',2018-07-12 08:44:24'
1',11',0,0,0,0,0,2,0,1,NULL,NULL,NULL,NULL,NULL,NULL,thrips present ',NULL,manifold off adjusted check periodically',NULL,d.p.',Thursday',2018-07-12 08:45:26'
1',12',0,1,1,0,0,2,0,0,NULL,NULL,wilt ',needs adjustment; shelf 7 locked?',NULL,NULL,thrips present ',NULL,NULL,NULL,d.p.',Thursday',2018-07-12 08:49:38'
1',13',0,1,0,1,0,2,0,0,NULL,NULL,tall; wilt',NULL,borderline flood ',NULL,thrips present',NULL,NULL,NULL,d.p.',Thursday',2018-07-12 08:51:15'
1',14 ',0,0,0,0,0,2,0,0,NULL,NULL,NULL,NULL,NULL,NULL,thrips present minor',NULL,NULL,NULL,d.p.',Thursday',2018-07-12 08:58:37'
1',15',0,0,0,0,0,0,0,0,NULL,NULL,NULL,NULL,NULL,NULL,NULL,NULL,NULL,NULL,d.p.',Thursday',2018-07-12 09:02:38'
1',16',1,0,0,0,0,0,0,0,NULL,shelf 3 one light out ',NULL,NULL,0',NULL,0',NULL,NULL,NULL,d.p.',Thursday',2018-07-12 09:03:21'
1',17 ',0,0,0,0,0,0,0,0,NULL,0',0',0',0',0',0',00',0',NULL,d.p.',Thursday',2018-07-12 09:03:46'
1',18',0,0,1,0,0,2,0,0,NULL,NULL,NULL,off',NULL,NULL,shelf 6 some thrips present ',NULL,NULL,NULL,d.p.',Thursday',2018-07-12 09:06:35'
1',1',1,0,0,0,1,1,0,0,0,diod',NULL,NULL,NULL,89',NULL,NULL,NULL,NULL,d.p.',Friday',2018-07-13 09:17:17'
1',2',1,1,0,0,1,1,0,0,0,diod ',nutritional ',NULL,NULL,89',wilt',NULL,NULL,NULL,d.p.',Friday',2018-07-13 09:22:09'
1',3',1,NULL,NULL,0,NULL,NULL,1,0,NULL,  transformer surge shelf 3',NA',NULL,NULL,NULL,NULL,NULL,NULL,NULL,d.p.',Friday',2018-07-13 09:44:08'
1',4',0,0,0,0,0,2,0,0,0,NULL,NULL,NULL,NULL,NULL,thrip damage',NULL,NULL,NULL,d.p.',Friday',2018-07-13 09:44:56'
1',5',1,0,0,0,0,1,0,0,0,diod ',NULL,NULL,NULL,NULL,NULL,NULL,NULL,NULL,d.p.',Friday',2018-07-13 09:45:31'
1',6',0,1,0,0,0,1,0,1,1,NULL,development issue ',NULL,NULL,NULL,NULL,NULL,shelf 2 riser clogged ',shelf 2 riser out ',d.p.',Friday',2018-07-13 09:47:11'
1',7',0,0,0,0,0,NULL,0,0,0,NULL,NULL,NULL,NULL,NULL,NA',NULL,NULL,NULL,d.p.',Friday',2018-07-13 09:47:36'
1',8',1,0,0,0,0,1,0,0,0,one bar out shelf 2',NULL,NULL,NULL,NULL,NULL,NULL,NULL,NULL,d.p.',Friday',2018-07-13 09:49:00'
1',9',1,1,0,0,0,3,0,0,0,one bar out shelf 4 ',wilting ',NULL,NULL,NULL,thrips present high ',NULL,NULL,NULL,d.p.',Friday',2018-07-13 09:50:00'
1',10',0,0,0,0,1,0,0,0,0,NULL,NULL,NULL,NULL,meter 85',NULL,NULL,NULL,NULL,d.p.',Friday',2018-07-13 09:50:52'
1',11',1,1,0,0,1,2,0,0,0,shelf one 1 bar out ',wilting ',NULL,NULL,85',afids ',NULL,NULL,NULL,d.p.',Friday',2018-07-13 09:52:25'
1',12',0,0,0,0,0,2,0,0,0,NULL,NULL,NULL,NULL,NULL,thrip present ',NULL,NULL,NULL,d.p.',Friday',2018-07-13 09:52:56'
1',13',0,1,0,0,0,2,0,0,0,NULL,wilt',NULL,NULL,NULL,thrip damage ',NULL,NULL,NULL,d.p.',Friday',2018-07-13 09:53:30'
1',14',0,0,0,0,0,0,0,0,0,NULL,NULL,NULL,NULL,NULL,NULL,NULL,NULL,NULL,d.p.',Friday',2018-07-13 09:54:05'
1',15',0,NULL,0,0,0,NULL,0,0,0,NULL,null',NULL,NULL,NULL,null',NULL,NULL,NULL,d.p.',Friday',2018-07-13 09:54:33'
1',16',1,NULL,NULL,0,NULL,0,0,0,0,shelf 3 ',N/A',NULL,NULL,NULL,NULL,NULL,NULL,NULL,d.p.',Friday',2018-07-13 09:56:54'
1',17',1,NULL,NULL,0,0,NULL,0,NULL,0,transformer ',NULL,NULL,NULL,NULL,N/A',NULL,N/A',NULL,d.p.',Friday',2018-07-13 09:58:31'
1',18',0,0,NULL,0,NULL,0,0,0,NULL,NULL,NULL,N/A',NULL,N/A',NULL,NULL,NULL,N/A',d.p.',Friday',2018-07-13 09:59:35'
1',1',NULL,0,0,NULL,0,NULL,NULL,0,NULL,NULL,NULL,NULL,NULL,NULL,NULL,NULL,NULL,NULL,t.schutz',Saturday',2018-07-14 10:29:53'
1',2',NULL,0,1,NULL,0,NULL,NULL,0,NULL,NULL,NULL,Top off',NULL,NULL,NULL,NULL,NULL,NULL,t.schutz',Saturday',2018-07-14 10:30:10'
1',3',NULL,0,0,NULL,0,NULL,NULL,0,NULL,NULL,N/A',NULL,NULL,NULL,NULL,NULL,NULL,NULL,t.schutz',Saturday',2018-07-14 10:30:26'
1',4',NULL,0,0,NULL,0,NULL,NULL,0,NULL,NULL,NULL,NULL,NULL,NULL,NULL,NULL,NULL,NULL,t.schutz',Saturday',2018-07-14 10:31:38'
1',9',NULL,0,0,NULL,0,NULL,NULL,0,NULL,NULL,NULL,NULL,NULL,NULL,NULL,NULL,NULL,NULL,t.schutz',Saturday',2018-07-14 10:31:48'
1',10',NULL,0,0,NULL,0,NULL,NULL,0,NULL,NULL,NULL,NULL,NULL,NULL,NULL,NULL,NULL,NULL,t.schutz',Saturday',2018-07-14 10:32:00'
1',11',NULL,1,0,NULL,0,NULL,NULL,0,NULL,NULL,Massive Aphids',NULL,NULL,NULL,NULL,NULL,NULL,NULL,t.schutz',Saturday',2018-07-14 10:32:25'
1',12',NULL,0,0,NULL,0,NULL,NULL,0,NULL,NULL,NULL,NULL,NULL,NULL,NULL,NULL,NULL,NULL,t.schutz',Saturday',2018-07-14 10:33:44'
1',13',NULL,0,0,NULL,0,NULL,NULL,0,NULL,NULL,NULL,NULL,NULL,NULL,NULL,NULL,NULL,NULL,t.schutz',Saturday',2018-07-14 10:33:57'
1',14',NULL,0,0,NULL,0,NULL,NULL,0,NULL,NULL,NULL,NULL,NULL,NULL,NULL,NULL,NULL,NULL,t.schutz',Saturday',2018-07-14 10:34:11'
1',15',NULL,0,0,NULL,0,NULL,NULL,0,NULL,NULL,NA',NULL,NULL,NULL,NULL,NULL,NULL,NULL,t.schutz',Saturday',2018-07-14 10:34:26'
1',16',NULL,0,0,NULL,0,NULL,NULL,0,NULL,NULL,NA',NULL,NULL,NULL,NULL,NULL,NULL,NULL,t.schutz',Saturday',2018-07-14 10:34:40'
1',5',NULL,0,1,NULL,0,NULL,NULL,0,NULL,NULL,NULL,Top slow flow',NULL,NULL,NULL,NULL,NULL,NULL,t.schutz',Saturday',2018-07-14 10:35:05'
1',6',NULL,0,0,NULL,0,NULL,NULL,0,NULL,NULL,NULL,NULL,NULL,NULL,NULL,NULL,NULL,NULL,t.schutz',Saturday',2018-07-14 10:35:19'
1',7',NULL,0,0,NULL,0,NULL,NULL,0,NULL,NULL,NA',NULL,NULL,NULL,NULL,NULL,NULL,NULL,t.schutz',Saturday',2018-07-14 10:35:33'
1',8',NULL,0,0,NULL,0,NULL,NULL,0,NULL,NULL,NULL,NULL,NULL,NULL,NULL,NULL,NULL,NULL,t.schutz',Saturday',2018-07-14 10:35:49'
1',1',NULL,0,0,NULL,0,NULL,NULL,0,NULL,NULL,NULL,NULL,NULL,NULL,NULL,NULL,NULL,NULL,t.schutz',Sunday',2018-07-15 16:42:03'
1',2',NULL,0,0,NULL,0,NULL,NULL,0,NULL,NULL,NULL,NULL,NULL,NULL,NULL,NULL,NULL,NULL,t.schutz',Sunday',2018-07-15 16:42:18'
1',3',NULL,0,NULL,NULL,NULL,NULL,NULL,NULL,NULL,NULL,Na',NULL,NULL,NULL,NULL,NULL,NULL,NULL,t.schutz',Sunday',2018-07-15 16:42:29'
1',4',NULL,0,0,NULL,0,NULL,NULL,0,NULL,NULL,NULL,NULL,NULL,NULL,NULL,NULL,NULL,NULL,t.schutz',Sunday',2018-07-15 16:42:47'
1',5',NULL,0,0,NULL,0,NULL,NULL,0,NULL,NULL,NULL,NULL,NULL,NULL,NULL,NULL,NULL,NULL,t.schutz',Sunday',2018-07-15 16:43:07'
1',6',NULL,0,0,NULL,1,NULL,NULL,0,NULL,NULL,NULL,NULL,NULL,top no flow',NULL,NULL,NULL,NULL,t.schutz',Sunday',2018-07-15 16:43:32'
1',7',NULL,0,NULL,NULL,NULL,NULL,NULL,NULL,NULL,NULL,Na',NULL,NULL,NULL,NULL,NULL,NULL,NULL,t.schutz',Sunday',2018-07-15 16:43:44'
1',8',NULL,0,0,NULL,0,NULL,NULL,0,NULL,NULL,NULL,NULL,NULL,NULL,NULL,NULL,NULL,NULL,t.schutz',Sunday',2018-07-15 16:43:56'
1',9',NULL,0,0,NULL,0,NULL,NULL,0,NULL,NULL,NULL,NULL,NULL,NULL,NULL,NULL,NULL,NULL,t.schutz',Sunday',2018-07-15 16:44:08'
1',10',NULL,0,0,NULL,0,NULL,NULL,0,NULL,NULL,NULL,NULL,NULL,NULL,NULL,NULL,NULL,NULL,t.schutz',Sunday',2018-07-15 16:44:19'
1',11',NULL,0,1,NULL,0,NULL,NULL,0,NULL,NULL,NULL,Top no flow',NULL,NULL,NULL,NULL,NULL,NULL,t.schutz',Sunday',2018-07-15 16:44:35'
1',11',NULL,0,0,NULL,0,NULL,NULL,0,NULL,NULL,NULL,NULL,NULL,NULL,NULL,NULL,NULL,NULL,t.schutz',Sunday',2018-07-15 16:44:49'
1',12',NULL,0,0,NULL,0,NULL,NULL,0,NULL,NULL,NULL,NULL,NULL,NULL,NULL,NULL,NULL,NULL,t.schutz',Sunday',2018-07-15 16:45:07'
1',13',NULL,0,0,NULL,0,NULL,NULL,0,NULL,NULL,NULL,NULL,NULL,NULL,NULL,NULL,NULL,NULL,t.schutz',Sunday',2018-07-15 16:45:19'
1',14',NULL,0,0,NULL,0,NULL,NULL,0,NULL,NULL,NULL,NULL,NULL,NULL,NULL,NULL,NULL,NULL,t.schutz',Sunday',2018-07-15 16:45:33'
1',15',NULL,0,0,NULL,0,NULL,NULL,0,NULL,NULL,NULL,NULL,NULL,NULL,NULL,NULL,NULL,NULL,t.schutz',Sunday',2018-07-15 16:45:48'
1',16',NULL,0,0,NULL,0,NULL,NULL,0,NULL,NULL,NULL,NULL,NULL,NULL,NULL,NULL,NULL,NULL,t.schutz',Sunday',2018-07-15 16:45:58'
1',1',0,0,0,0,0,1,0,0,NULL,NULL,NULL,NULL,NULL,NULL,NULL,NULL,NULL,NULL,d.p.',Monday',2018-07-16 09:00:49'
1',2',0,1,1,1,1,1,0,0,NULL,NULL,wilting;necrosis',inconsistent',<50',<90',NULL,NULL,NULL,NULL,d.p.',Monday',2018-07-16 09:01:39'
1',3',0,NULL,NULL,0,0,NULL,0,0,NULL,NULL,N/A',NULL,NULL,NULL,NULL,NULL,NULL,NULL,d.p.',Monday',2018-07-16 09:02:34'
1',4',0,1,0,1,0,2,0,0,NULL,NULL,wilting; necrosis',NULL,<50',NULL,thripe damage',NULL,NULL,NULL,d.p.',Monday',2018-07-16 09:04:16'
1',5',1,0,1,1,1,1,0,0,NULL,shelf 1 1 bar',NULL,inconsistent',<50',77',NULL,NULL,NULL,NULL,d.p.',Monday',2018-07-16 09:05:05'
1',6',0,1,0,1,0,1,0,0,NULL,NULL,plants havensnglquotet take; see rack',NULL,<50',NULL,NULL,NULL,NULL,NULL,d.p.',Monday',2018-07-16 09:06:43'
1',8',1,0,0,0,0,1,0,0,NULL,shelf 2 1 bar out',NULL,NULL,NULL,NULL,NULL,NULL,NULL,NULL,d.p.',Monday',2018-07-16 09:07:16'
1',7',0,NULL,NULL,0,NULL,NULL,NULL,NULL,NULL,NULL,N/A',NULL,NULL,NULL,NULL,NULL,NULL,NULL,d.p.',Monday',2018-07-16 09:07:57'
1',9',1,1,1,1,1,2,1,0,NULL,1 bar shelf 4',necrosis/nutritional',inconsistent',<50',77',thripe damage; thripes',off',NULL,NULL,d.p.',Monday',2018-07-16 09:09:02'
1',10',0,1,0,0,0,2,1,0,NULL,NULL,nutritional; wilting',NULL,NULL,NULL,thripe damage',off',NULL,NULL,d.p.',Monday',2018-07-16 09:09:54'
1',11',1,1,0,0,1,2,1,0,NULL,shelf 1 1 bar',wilting',NULL,NULL,85',thripe damage; afids',off',NULL,NULL,d.p.',Monday',2018-07-16 09:10:53'
1',12',0,1,0,0,0,1,1,0,NULL,NULL,necrosis wilt',NULL,NULL,NULL,NULL,off',NULL,NULL,d.p.',Monday',2018-07-16 09:11:30'
1',13',0,1,0,0,0,2,1,0,NULL,NULL,wilting/necrosis',NULL,NULL,NULL,thripe damage',off',NULL,NULL,d.p.',Monday',2018-07-16 09:12:13'
1',14',0,0,0,0,1,1,0,0,NULL,NULL,NULL,NULL,NULL,85',NULL,NULL,NULL,NULL,d.p.',Monday',2018-07-16 09:12:30'
1',15',1,NULL,NULL,0,NULL,NULL,0,0,NULL,shelf 1 1 bar',N/A',NULL,NULL,NULL,NULL,NULL,NULL,NULL,d.p.',Monday',2018-07-16 09:13:30'
1',16',1,NULL,NULL,0,NULL,NULL,0,0,NULL,shelf 3 1 bar',NULL,NULL,NULL,NULL,NULL,NULL,NULL,NULL,d.p.',Monday',2018-07-16 09:13:54'
1',17',1,NULL,NULL,0,NULL,NULL,0,0,NULL,transformer out',NULL,NULL,NULL,NULL,NULL,NULL,NULL,NULL,d.p.',Monday',2018-07-16 09:14:53'
1',18',0,1,NULL,0,NULL,1,0,0,NULL,NULL,necrosis',NULL,NULL,NULL,NULL,NULL,NULL,NULL,d.p.',Monday',2018-07-16 09:15:53'
'1','1',1,0,0,0,0,1,0,0,NULL,'diodes our shelf 4 & 5',NULL,NULL,NULL,NULL,NULL,NULL,NULL,NULL,'d.p.','Tuesday','2018-07-17 08:12:27'
'1','1',1,0,0,0,0,1,0,0,NULL,'diodes out on shelf 4 & 5 ',NULL,NULL,NULL,NULL,NULL,NULL,NULL,NULL,'d.p. ','Tuesday','2018-07-17 08:16:52'
'1','2',1,1,0,0,0,1,0,0,NULL,'diodes out shelf 1','wilted ; discolored; ',NULL,NULL,NULL,NULL,NULL,NULL,NULL,'d.p. ','Tuesday','2018-07-17 08:19:05'
'1','3',0,NULL,NULL,0,NULL,NULL,0,0,NULL,NULL,'N/A',NULL,NULL,NULL,NULL,NULL,NULL,NULL,'d.p. ','Tuesday','2018-07-17 08:20:08'
'1','4',0,0,0,0,0,2,0,0,NULL,NULL,NULL,NULL,NULL,NULL,'thrips damage to leaves ',NULL,NULL,NULL,'d.p. ','Tuesday','2018-07-17 08:22:59'
'1','5',1,0,1,0,0,1,0,0,NULL,'one bar out shelf one ',NULL,'nossle adjusted ',NULL,NULL,NULL,NULL,NULL,NULL,'d.p. ','Tuesday','2018-07-17 08:25:26'
'1','6',0,0,0,0,0,1,0,0,NULL,NULL,NULL,NULL,NULL,NULL,NULL,NULL,NULL,NULL,'d.p. ','Tuesday','2018-07-17 08:27:27'
'1','7',0,NULL,NULL,0,NULL,NULL,0,0,NULL,NULL,'N/A',NULL,NULL,NULL,NULL,NULL,NULL,NULL,'d.p. ','Tuesday','2018-07-17 08:28:07'
'1','8',1,0,0,0,0,1,0,0,NULL,'one bar out  shelf 2',NULL,NULL,NULL,NULL,NULL,NULL,NULL,NULL,'d.p. ','Tuesday','2018-07-17 08:29:52'
'1','9',1,1,1,0,0,3,1,0,NULL,'1 bar out shelf 4','wilted; discolored; necrosis','adjusted ',NULL,NULL,'damage to leafs ',NULL,NULL,NULL,'d.p. ','Tuesday','2018-07-17 08:33:35'
'1','10',0,1,0,0,0,2,1,0,NULL,NULL,'discolored spots ',NULL,NULL,NULL,'damage to leaves ','off/broken?',NULL,NULL,'d.p. ','Tuesday','2018-07-17 08:37:02'
'1','11',1,NULL,NULL,0,1,NULL,1,0,NULL,'1 bar out shelf 1','N/A',NULL,NULL,'85',NULL,'off/broken?',NULL,NULL,'d.p. ','Tuesday','2018-07-17 08:38:28'
'1','12',0,1,0,0,0,2,1,0,NULL,NULL,'necrosis',NULL,NULL,NULL,'damage to leaves ','off/broken ',NULL,NULL,'d.p. ','Tuesday','2018-07-17 08:40:55'
'1','13',0,1,0,1,0,2,0,0,NULL,NULL,'necrosis ',NULL,'less than 50',NULL,'damage to leaves ',NULL,NULL,NULL,'d.p. ','Tuesday','2018-07-17 08:41:46'
'1','14',0,0,0,0,1,1,0,0,NULL,NULL,NULL,NULL,NULL,'meter 85',NULL,NULL,NULL,NULL,'d.p. ','Tuesday','2018-07-17 08:43:11'
'1','15',1,NULL,NULL,0,NULL,NULL,0,0,NULL,'1 bar out shelf 1','N/A',NULL,NULL,NULL,NULL,NULL,NULL,NULL,'d.p. ','Tuesday','2018-07-17 08:44:03'
'1','16',1,NULL,NULL,0,NULL,NULL,0,0,NULL,'1 bar out shelf 3','N?A',NULL,NULL,NULL,NULL,NULL,NULL,NULL,'d.p. ','Tuesday','2018-07-17 08:45:07'
'1','17',NULL,NULL,NULL,0,NULL,NULL,0,0,NULL,'N/A','N/A',NULL,NULL,NULL,NULL,NULL,NULL,NULL,'d.p. ','Tuesday','2018-07-17 08:50:30'
'1','18',0,1,NULL,0,NULL,1,0,0,NULL,NULL,'discolored; necrosis; ',NULL,NULL,'N/A',NULL,NULL,NULL,NULL,'d.p. ','Tuesday','2018-07-17 08:53:02'
NULL,NULL,NULL,NULL,NULL,NULL,NULL,NULL,NULL,NULL,NULL,NULL,NULL,NULL,NULL,NULL,NULL,NULL,NULL,NULL,'d.p. ','Tuesday','2018-07-17 08:53:03'
NULL,NULL,NULL,NULL,NULL,NULL,NULL,NULL,NULL,NULL,NULL,NULL,NULL,NULL,NULL,NULL,NULL,NULL,NULL,NULL,'bh','Wednesday','2018-07-18 07:50:09'
'1','1',1,0,0,0,0,1,0,0,NULL,'diode out shef 4',NULL,NULL,NULL,NULL,NULL,NULL,NULL,NULL,' d.p.','Wednesday','2018-07-18 08:01:01'
'1','2',1,1,1,0,1,2,0,0,NULL,'diode out shelf 1','wilted; discolored ','uneven ',NULL,'meter 88-89','damage to leaves ',NULL,NULL,NULL,' d.p.','Wednesday','2018-07-18 08:04:02'
'1','3',0,0,0,1,0,1,0,0,NULL,NULL,NULL,NULL,'less than 50% being worked on',NULL,NULL,NULL,NULL,NULL,' d.p.','Wednesday','2018-07-18 08:05:11'
'1','4',0,1,0,0,0,2,0,0,NULL,NULL,'wilted ; discolored ',NULL,NULL,NULL,'thripe damage to leaves ',NULL,NULL,NULL,' d.p.','Wednesday','2018-07-18 08:08:27'
'1','5',1,0,0,0,0,1,0,0,NULL,'1 bar out shelf one ',NULL,NULL,NULL,NULL,NULL,NULL,NULL,NULL,' d.p.','Wednesday','2018-07-18 08:10:13'
'1','6',0,0,0,0,0,1,1,0,NULL,NULL,NULL,NULL,NULL,NULL,NULL,'1 of 2 airators out ',NULL,NULL,' d.p.','Wednesday','2018-07-18 08:12:49'
'1','7',0,NULL,NULL,0,NULL,NULL,0,0,NULL,NULL,'N/A',NULL,NULL,NULL,NULL,NULL,NULL,NULL,' d.p.','Wednesday','2018-07-18 08:13:55'
'1','8',1,0,0,0,0,2,0,0,NULL,'1 bar out shelf 2',NULL,NULL,NULL,NULL,'Aphids ',NULL,NULL,NULL,' d.p.','Wednesday','2018-07-18 08:16:18'
'1','9',1,1,1,0,0,3,1,0,NULL,'one bar out shelf four ','(necrosis) wilted + discolored ','uneven ',NULL,NULL,'thrips; damage to plants ','off/out',NULL,NULL,' d.p.','Wednesday','2018-07-18 08:20:52'
'1','10',0,1,0,0,0,2,1,0,NULL,NULL,'overgrown ; wilted',NULL,NULL,NULL,'damage to leaves ','off/out',NULL,NULL,' d.p.','Wednesday','2018-07-18 08:24:07'
'1','11',1,NULL,0,0,1,NULL,1,0,NULL,'1 bar out shelf 1','N/A',NULL,NULL,'meter 85',NULL,'off/out',NULL,NULL,' d.p.','Wednesday','2018-07-18 08:25:21'
'1','12',0,1,0,0,0,2,1,0,NULL,NULL,'necrosis ',NULL,NULL,NULL,'damage to leaves ','off/out',NULL,NULL,' d.p.','Wednesday','2018-07-18 08:30:44'
'1','13',0,1,0,1,0,2,0,0,NULL,NULL,'necrosis; wilted ',NULL,'less than 50%',NULL,'damage to leaves ',NULL,NULL,NULL,' d.p.','Wednesday','2018-07-18 08:31:54'
'1','14',0,0,0,0,1,1,0,0,NULL,NULL,NULL,NULL,NULL,'85',NULL,NULL,NULL,NULL,' d.p.','Wednesday','2018-07-18 08:33:40'
'1','15',0,NULL,NULL,0,NULL,NULL,0,0,NULL,NULL,'N/A',NULL,NULL,NULL,NULL,NULL,NULL,NULL,' d.p.','Wednesday','2018-07-18 08:34:21'
'1','16',1,NULL,NULL,0,NULL,NULL,0,0,NULL,'1 bar out shelf 3','N/A',NULL,NULL,NULL,NULL,NULL,NULL,NULL,' d.p.','Wednesday','2018-07-18 08:35:30'
'1','17',NULL,0,NULL,0,NULL,0,0,0,NULL,'N/A',NULL,'N/A',NULL,'N/A',NULL,NULL,NULL,NULL,' d.p.','Wednesday','2018-07-18 08:40:05'
'1','18',0,1,NULL,0,NULL,1,NULL,0,NULL,NULL,'minor wilting','N/A',NULL,'N/A',NULL,'N/A',NULL,NULL,' d.p.','Wednesday','2018-07-18 08:42:25'
'1','1',1,0,0,1,1,1,0,0,NULL,'diode shelf 3',NULL,NULL,'less than 50% (iso valve shut off)','89 ',NULL,NULL,NULL,NULL,'d.p.','Thursday','2018-07-19 08:07:57'
'1','2',1,NULL,NULL,0,NULL,NULL,0,0,NULL,'one bar out shelf one ','N/A',NULL,NULL,NULL,NULL,NULL,NULL,NULL,'d.p.','Thursday','2018-07-19 08:08:55'
'1','3',0,0,1,0,0,2,0,0,NULL,NULL,NULL,'uneven ',NULL,NULL,'damage check shelf 3',NULL,NULL,NULL,'d.p.','Thursday','2018-07-19 08:12:32'
'1','4',0,0,0,0,0,2,0,0,NULL,NULL,NULL,NULL,NULL,NULL,'damage to leaves ',NULL,NULL,NULL,'d.p.','Thursday','2018-07-19 08:15:02'
'1','5',1,0,0,0,0,1,0,0,NULL,'1 bar shelf 1',NULL,NULL,NULL,NULL,NULL,NULL,NULL,NULL,'d.p.','Thursday','2018-07-19 08:17:36'
'1','6',0,1,0,0,0,1,0,0,NULL,NULL,'nutritional/wilted',NULL,NULL,NULL,NULL,NULL,NULL,NULL,'d.p.','Thursday','2018-07-19 08:20:30'
'1','7',0,1,1,1,1,1,0,0,NULL,NULL,'wilted; ','even/off','less than 50%','meter 78',NULL,NULL,NULL,NULL,'d.p.','Thursday','2018-07-19 08:22:28'
'1','8',1,0,0,0,0,3,0,0,NULL,'1 bar out shelf 2',NULL,NULL,NULL,NULL,'aphids ',NULL,NULL,NULL,'d.p.','Thursday','2018-07-19 08:24:15'
'1','9',1,NULL,NULL,1,NULL,NULL,1,0,NULL,'1 bar out shelf 4','N/A',NULL,NULL,NULL,NULL,'off/down',NULL,NULL,'d.p.','Thursday','2018-07-19 08:27:09'
'1','10 ',0,NULL,NULL,0,NULL,1,1,0,NULL,NULL,'N/A',NULL,NULL,NULL,NULL,'off/down',NULL,NULL,'d.p.','Thursday','2018-07-19 08:28:10'
'1','11',1,NULL,NULL,0,NULL,NULL,1,0,NULL,'1 bar out shelf 1','N/A',NULL,NULL,NULL,NULL,'off/down',NULL,NULL,'d.p.','Thursday','2018-07-19 08:29:01'
NULL,NULL,NULL,NULL,NULL,NULL,NULL,NULL,NULL,NULL,NULL,NULL,NULL,NULL,NULL,NULL,NULL,NULL,NULL,NULL,'d.p.','Thursday','2018-07-19 08:29:02'
NULL,NULL,NULL,NULL,NULL,NULL,NULL,NULL,NULL,NULL,NULL,NULL,NULL,NULL,NULL,NULL,NULL,NULL,NULL,NULL,'d.p.','Thursday','2018-07-19 08:29:02'
'1','12',0,1,0,0,0,2,1,0,NULL,NULL,' wilted; discolored ',NULL,NULL,NULL,'some damage to leaves ','off/down ',NULL,NULL,'d.p.','Thursday','2018-07-19 08:36:56'
'1','13',0,1,0,0,0,2,0,0,NULL,NULL,'wilted; discolored;',NULL,NULL,NULL,'damage to leaves ',NULL,NULL,NULL,'d.p.','Thursday','2018-07-19 08:38:00'
'1','14',0,0,0,0,1,0,0,0,NULL,NULL,NULL,NULL,NULL,'meter 85',NULL,NULL,NULL,NULL,'d.p.','Thursday','2018-07-19 08:42:00'
'1','15',1,NULL,NULL,0,NULL,NULL,0,0,NULL,'1 bar out shelf 1 ','N/A',NULL,NULL,NULL,NULL,NULL,NULL,NULL,'d.p.','Thursday','2018-07-19 08:43:31'
'1','16',1,0,1,1,0,1,0,0,NULL,'1 bar out shelf 4 ',NULL,'res low ','less than 50%',NULL,NULL,NULL,NULL,NULL,'d.p.','Thursday','2018-07-19 08:44:30'
NULL,NULL,NULL,NULL,NULL,NULL,NULL,NULL,NULL,NULL,NULL,NULL,NULL,NULL,NULL,NULL,NULL,NULL,NULL,NULL,'d.p.','Thursday','2018-07-19 08:53:05'
'1','17',NULL,0,NULL,0,NULL,1,NULL,0,NULL,'N/A',NULL,NULL,NULL,NULL,NULL,NULL,NULL,NULL,'d.p.','Thursday','2018-07-19 08:59:45'
'1','18',0,1,NULL,0,NULL,1,0,0,NULL,NULL,'discoloring ','N/A',NULL,NULL,NULL,NULL,NULL,NULL,'d.p.','Thursday','2018-07-19 09:23:51'
'1','1',0,0,0,1,0,1,0,0,1,NULL,NULL,NULL,'lesss than 50%',NULL,NULL,NULL,NULL,'1/2riser taken out overflow issue ','d.p. 1','Friday','2018-07-20 08:31:34'
'1','2',1,NULL,NULL,0,NULL,NULL,0,0,NULL,'diodes out multi shelfs','N/A',NULL,NULL,NULL,NULL,NULL,NULL,'N/A','d.p. 1','Friday','2018-07-20 08:33:44'
'1','3',0,0,1,0,0,1,0,0,0,NULL,NULL,'manifold uneven multi shelf ',NULL,NULL,NULL,NULL,NULL,NULL,'d.p. 1','Friday','2018-07-20 08:37:50'
'1','4',0,1,0,0,0,2,0,0,0,NULL,'discolored ',NULL,NULL,NULL,'damage to leaves ',NULL,NULL,NULL,'d.p. 1','Friday','2018-07-20 08:41:00'
'1','5',1,0,0,0,0,1,1,0,0,'1 bar out shelf 1',NULL,NULL,NULL,NULL,NULL,'down ',NULL,NULL,'d.p. ','Friday','2018-07-20 08:45:03'
'1','6',0,1,0,0,0,1,1,0,0,NULL,'wilted',NULL,NULL,NULL,NULL,'down',NULL,NULL,'d.p. ','Friday','2018-07-20 08:46:55'
'1','7',0,1,1,0,0,1,0,0,1,NULL,'wilted; discolored ','uneven multi level ',NULL,NULL,NULL,NULL,NULL,'riser 2/2 out shelf 5','d.p. ','Friday','2018-07-20 08:51:24'
'1 ','8',1,0,0,1,0,2,0,0,0,'1 bar out shef 2',NULL,NULL,'less than ',NULL,'aphids ',NULL,NULL,NULL,'d.p. ','Friday','2018-07-20 08:54:52'
'1','9 ',1,NULL,NULL,0,NULL,NULL,1,0,NULL,'1 bar out shelf 4','N/A',NULL,NULL,NULL,NULL,'down ',NULL,'N/A','d.p. ','Friday','2018-07-20 08:56:34'
'1','10',0,NULL,NULL,0,NULL,NULL,1,0,NULL,NULL,'N/A',NULL,NULL,NULL,NULL,'down ',NULL,'N/A','d.p. ','Friday','2018-07-20 08:57:51'
'1','11',1,NULL,NULL,0,NULL,NULL,1,0,NULL,'1 bar shelf 1','N/A',NULL,NULL,NULL,NULL,'down',NULL,'N/A','d.p. ','Friday','2018-07-20 08:59:27'
'1','12',0,NULL,NULL,0,NULL,NULL,1,0,NULL,NULL,'N/A',NULL,NULL,NULL,NULL,'down',NULL,'N/A','d.p. ','Friday','2018-07-20 09:01:00'
'1','13',0,NULL,NULL,0,NULL,NULL,0,0,NULL,NULL,'N/A',NULL,NULL,NULL,NULL,NULL,NULL,'N/A','d.p. ','Friday','2018-07-20 09:01:56'
'1','13',0,0,1,0,1,1,0,0,0,NULL,NULL,'uneven flow multi shelfs /nipple off shelf 7',NULL,'meter 85',NULL,NULL,NULL,NULL,'d.p. ','Friday','2018-07-20 09:07:08'
NULL,NULL,NULL,NULL,NULL,NULL,NULL,NULL,NULL,NULL,NULL,NULL,NULL,NULL,NULL,NULL,NULL,NULL,NULL,NULL,'d.p. ','Friday','2018-07-20 09:07:08'
NULL,NULL,NULL,NULL,NULL,NULL,NULL,NULL,NULL,NULL,NULL,NULL,NULL,NULL,NULL,NULL,NULL,NULL,NULL,NULL,'d.p. ','Friday','2018-07-20 09:07:09'
'1','14',1,0,0,0,0,1,0,0,1,'1 bar out shelf 1',NULL,NULL,NULL,NULL,NULL,NULL,NULL,'1/2 riser taken out shelf 1 for flow control ','d.p. ','Friday','2018-07-20 09:13:01'
'1 ','16 ',1,0,1,0,0,1,0,0,0,'1 bar out shelf 4',NULL,'uneven multi level ',NULL,NULL,NULL,NULL,NULL,NULL,'d.p. ','Friday','2018-07-20 09:22:19'
'1','17 ',NULL,0,NULL,0,NULL,1,0,0,NULL,'N/A',NULL,NULL,NULL,NULL,NULL,NULL,NULL,NULL,'d.p. ','Friday','2018-07-20 09:22:58'
'1','18 ',1,1,NULL,0,NULL,1,0,0,NULL,NULL,'discolored',NULL,NULL,NULL,NULL,NULL,NULL,NULL,'d.p. ','Friday','2018-07-20 09:25:08'
'1','1',NULL,0,0,NULL,0,NULL,NULL,1,NULL,NULL,NULL,NULL,NULL,NULL,NULL,NULL,'some standing water around resovior and outside of room but no visible leaks; water has been mopped up',NULL,'NB','Sunday','2018-07-22 12:11:43'
'1','3',NULL,0,0,NULL,0,NULL,NULL,0,NULL,NULL,NULL,NULL,NULL,NULL,NULL,NULL,NULL,NULL,'NB','Sunday','2018-07-22 12:15:03'
'1','4',NULL,0,0,NULL,0,NULL,NULL,0,NULL,NULL,NULL,NULL,NULL,NULL,NULL,NULL,NULL,NULL,'NB','Sunday','2018-07-22 12:15:23'
'1','5',NULL,0,1,NULL,0,NULL,NULL,0,NULL,NULL,NULL,'fixed flow',NULL,NULL,NULL,NULL,NULL,NULL,'NB','Sunday','2018-07-22 12:15:44'
'1','6',NULL,0,1,NULL,0,NULL,NULL,0,NULL,NULL,NULL,'fixed flow',NULL,NULL,NULL,NULL,NULL,NULL,'NB','Sunday','2018-07-22 12:17:07'
'1','7',NULL,0,0,NULL,0,NULL,NULL,0,NULL,NULL,NULL,NULL,NULL,NULL,NULL,NULL,NULL,NULL,'NB','Sunday','2018-07-22 12:18:25'
'1','8',NULL,0,0,NULL,0,NULL,NULL,0,NULL,NULL,NULL,NULL,NULL,NULL,NULL,NULL,NULL,NULL,'NB','Sunday','2018-07-22 12:18:45'
'1','14',NULL,0,1,NULL,0,NULL,NULL,0,NULL,NULL,NULL,'fixed flow',NULL,NULL,NULL,NULL,NULL,NULL,'NB','Sunday','2018-07-22 12:20:26'
'1','15',NULL,0,1,NULL,0,NULL,NULL,0,NULL,NULL,NULL,'fixed flow',NULL,NULL,NULL,NULL,NULL,NULL,'NB','Sunday','2018-07-22 12:21:45'
'1','16',NULL,0,0,NULL,0,NULL,NULL,0,NULL,NULL,NULL,NULL,NULL,NULL,NULL,NULL,NULL,NULL,'NB','Sunday','2018-07-22 12:23:05'
'2','1',NULL,0,0,NULL,0,NULL,NULL,0,NULL,NULL,NULL,NULL,NULL,NULL,NULL,NULL,NULL,NULL,'NB','Sunday','2018-07-22 12:25:29'
'1','1',1,0,0,1,0,1,0,1,NULL,'diodes out shelf 4',NULL,NULL,'less than 50%',NULL,NULL,NULL,'near front right leg',NULL,' d.p.','Monday','2018-07-23 08:43:53'
'1','2',1,NULL,NULL,0,NULL,NULL,0,0,NULL,'diodes out shelf 1','N/A',NULL,NULL,NULL,NULL,NULL,NULL,NULL,' d.p.','Monday','2018-07-23 08:45:16'
'1','3',0,0,0,0,0,1,0,0,NULL,NULL,NULL,NULL,NULL,NULL,NULL,NULL,NULL,NULL,' d.p.','Monday','2018-07-23 08:47:19'
'1','4',0,1,0,1,0,2,0,0,NULL,NULL,'discolored; necrosis ',NULL,'less than ',NULL,'damage ',NULL,NULL,NULL,' d.p.','Monday','2018-07-23 08:50:23'
NULL,NULL,NULL,NULL,NULL,NULL,NULL,NULL,NULL,NULL,NULL,NULL,NULL,NULL,NULL,NULL,NULL,NULL,NULL,NULL,' d.p.','Monday','2018-07-23 08:50:32'
'1','5 ',1,1,1,1,1,2,1,0,NULL,'1 bar out shef 1','damage to leaves ','uneven flow/off ','less than 50%','meter 70-80','damage to leaves ','down ',NULL,NULL,' d.p.','Monday','2018-07-23 08:54:18'
'1','6',0,0,1,1,1,1,1,0,NULL,NULL,NULL,'uneven/off','less than 50%','meter 88%',NULL,'down',NULL,NULL,' d.p.','Monday','2018-07-23 08:57:09'
'1','7',0,0,0,0,0,2,0,0,NULL,NULL,NULL,NULL,NULL,NULL,'minor damage yet present',NULL,NULL,NULL,' d.p.','Monday','2018-07-23 08:59:16'
'1','8',1,0,0,1,1,3,0,0,NULL,'1 bar out shelf 2',NULL,NULL,'less than 50%','88','aphids ',NULL,NULL,NULL,' d.p.','Monday','2018-07-23 09:01:51'
NULL,NULL,NULL,NULL,NULL,NULL,NULL,NULL,NULL,NULL,NULL,NULL,NULL,NULL,NULL,NULL,NULL,NULL,NULL,NULL,' d.p.','Monday','2018-07-23 09:01:52'
'1 `','9',1,NULL,NULL,0,NULL,NULL,0,0,NULL,'1 bar out shelf 4','N/A',NULL,NULL,NULL,NULL,'down ',NULL,NULL,' d.p.','Monday','2018-07-23 09:03:44'
'1','10',0,NULL,NULL,0,NULL,NULL,1,0,NULL,NULL,'N/A',NULL,NULL,NULL,NULL,'down',NULL,NULL,' d.p.','Monday','2018-07-23 09:05:14'
'1','11',1,NULL,NULL,0,NULL,NULL,1,0,NULL,'1 bar out shelf 1','N/A',NULL,NULL,NULL,NULL,'down ',NULL,NULL,' d.p.','Monday','2018-07-23 09:06:11'
'1','12',0,NULL,NULL,0,NULL,NULL,1,0,NULL,NULL,'N/A',NULL,NULL,NULL,NULL,'down',NULL,NULL,' d.p.','Monday','2018-07-23 09:07:34'
'1','13',0,NULL,NULL,0,NULL,NULL,0,0,NULL,NULL,'N/A',NULL,NULL,NULL,NULL,NULL,NULL,NULL,' d.p.','Monday','2018-07-23 09:08:27'
'1','14',0,0,1,0,1,1,0,0,NULL,NULL,NULL,'uneven ',NULL,'meter 84',NULL,NULL,NULL,NULL,' d.p.','Monday','2018-07-23 09:11:43'
'1','15',1,1,0,0,0,1,0,0,NULL,'1 bar out shef 1','wilted shelf 1 ',NULL,NULL,NULL,NULL,NULL,NULL,NULL,' d.p.','Monday','2018-07-23 09:15:06'
NULL,NULL,NULL,NULL,NULL,NULL,NULL,NULL,NULL,NULL,NULL,NULL,NULL,NULL,NULL,NULL,NULL,NULL,NULL,NULL,' d.p.','Monday','2018-07-23 09:15:06'
'1','16 ',1,0,0,0,0,1,0,0,NULL,'1 bar out shelf 3 ',NULL,NULL,NULL,NULL,NULL,NULL,NULL,NULL,' d.p.','Monday','2018-07-23 09:17:16'
NULL,NULL,NULL,NULL,NULL,NULL,NULL,NULL,NULL,NULL,NULL,NULL,NULL,NULL,NULL,NULL,NULL,NULL,NULL,NULL,' d.p.','Monday','2018-07-23 09:17:16'
'1','17',NULL,NULL,NULL,1,NULL,NULL,NULL,0,NULL,'N/A','N/A',NULL,'less than 50%',NULL,NULL,NULL,NULL,NULL,' d.p.','Monday','2018-07-23 09:23:57'
'1','18',0,1,NULL,0,NULL,1,1,0,NULL,NULL,'minor discolorment ','N/A',NULL,NULL,NULL,'off',NULL,NULL,' d.p.','Monday','2018-07-23 09:25:47'
'`1','1',0,0,0,0,0,1,0,0,NULL,NULL,NULL,NULL,NULL,NULL,NULL,NULL,NULL,NULL,'jw','Tuesday','2018-07-24 08:29:53'
'1','2',1,NULL,NULL,NULL,NULL,NULL,NULL,NULL,NULL,'shelf 1',NULL,NULL,NULL,NULL,NULL,NULL,NULL,NULL,'jw1','Tuesday','2018-07-24 08:31:27'
'1','3',0,0,0,0,0,1,0,0,NULL,NULL,NULL,NULL,NULL,NULL,NULL,NULL,NULL,NULL,'jw','Tuesday','2018-07-24 08:32:49'
'1','4',0,0,0,1,0,1,1,0,NULL,NULL,NULL,NULL,'less 50%',NULL,NULL,'not working',NULL,NULL,'jw','Tuesday','2018-07-24 08:34:40'
'1','5',0,0,0,0,0,1,0,0,NULL,NULL,NULL,NULL,NULL,NULL,NULL,NULL,NULL,NULL,'jw','Tuesday','2018-07-24 08:35:54'
'1','6',0,1,0,0,0,1,1,0,NULL,NULL,'all dried out',NULL,NULL,NULL,NULL,NULL,NULL,NULL,'jw','Tuesday','2018-07-24 08:41:08'
'1','7',0,1,0,0,0,1,0,0,NULL,NULL,'shelf 4  plants dead',NULL,NULL,NULL,NULL,NULL,NULL,NULL,'jw','Tuesday','2018-07-24 08:41:58'
'1','8',1,1,0,0,0,2,0,0,NULL,'shelf 2','no good tasting   looks bad',NULL,NULL,NULL,NULL,NULL,NULL,NULL,'jw','Tuesday','2018-07-24 08:44:31'
'1','9',1,NULL,NULL,1,NULL,NULL,1,0,NULL,'1 bar out shelf 4','N/A',NULL,'filling ',NULL,NULL,'down',NULL,NULL,'d.p.','Tuesday','2018-07-24 08:49:00'
'1','10',0,NULL,0,1,0,NULL,1,1,NULL,NULL,'N/A',NULL,'filling ',NULL,NULL,'down','wet spot between 10-11',NULL,'d.p.','Tuesday','2018-07-24 08:51:47'
'1','11',1,NULL,0,1,0,NULL,1,0,NULL,'1 bar out shelf 1','N/A',NULL,'filling',NULL,NULL,'down ',NULL,NULL,'d.p.','Tuesday','2018-07-24 09:08:38'
'1','12',0,NULL,0,1,0,NULL,1,1,NULL,NULL,'N/A',NULL,'filling',NULL,NULL,'N/A','major leak being addressed ',NULL,'d.p.','Tuesday','2018-07-24 09:09:53'
'1','13',0,NULL,NULL,NULL,NULL,NULL,0,0,NULL,NULL,'N/A',NULL,NULL,NULL,NULL,NULL,NULL,NULL,'d.p.','Tuesday','2018-07-24 09:10:50'
'1','14',0,1,0,1,1,1,0,0,NULL,NULL,'shelf 1 burnt tips ',NULL,'filling ','85%',NULL,NULL,NULL,NULL,'d.p.','Tuesday','2018-07-24 09:12:47'
'1','15',1,1,0,0,0,1,0,0,NULL,'1 bar out rack 1','shelf 1 wilted ',NULL,NULL,NULL,NULL,NULL,NULL,NULL,'d.p.','Tuesday','2018-07-24 09:13:58'
'1','16',1,0,0,0,0,1,0,0,NULL,'1 bar out shelf 4',NULL,NULL,NULL,NULL,NULL,NULL,NULL,NULL,'d.p.','Tuesday','2018-07-24 09:15:07'
NULL,NULL,NULL,NULL,NULL,NULL,NULL,NULL,NULL,NULL,NULL,NULL,NULL,NULL,NULL,NULL,NULL,NULL,NULL,NULL,'d.p.','Tuesday','2018-07-24 09:25:51'
'1','17',NULL,NULL,NULL,1,NULL,NULL,NULL,0,NULL,'N/A','N/A',NULL,'less than 50%',NULL,NULL,NULL,NULL,NULL,'d.p.','Tuesday','2018-07-24 09:28:36'
'1','18',0,1,NULL,1,NULL,2,1,0,NULL,NULL,'some wilt; some necrosis',NULL,'less than',NULL,'some aphids on mesclun','off',NULL,NULL,'d.p.','Tuesday','2018-07-24 09:32:13'
'1','1',1,0,0,0,0,2,0,0,NULL,'diode out shelf 4',NULL,NULL,NULL,NULL,'thrips present ',NULL,NULL,NULL,'d.p.','Wednesday','2018-07-25 08:13:48'
'1','2',1,NULL,NULL,0,NULL,NULL,0,0,NULL,'diodes out shelf 1','N/A',NULL,NULL,NULL,NULL,NULL,NULL,NULL,'d.p.','Wednesday','2018-07-25 08:15:06'
'1','3',0,0,0,0,0,1,0,0,NULL,NULL,NULL,NULL,'0',NULL,NULL,NULL,NULL,NULL,'d.p.','Wednesday','2018-07-25 08:17:09'
'1','4',0,1,0,1,0,3,0,0,NULL,NULL,'necrosis; wilted; discolored ',NULL,'less thsn 50%',NULL,'thripe damage to leaves',NULL,NULL,NULL,'d.p.','Wednesday','2018-07-25 08:20:45'
'1','5',1,1,1,1,0,2,1,0,NULL,'1  bar out shelf 1','minor discoloration','flow uneven','less than 50%',NULL,'some damage to leaves; minor amount','down ',NULL,NULL,'d.p.','Wednesday','2018-07-25 08:24:51'
'1','6 ',0,1,1,1,0,0,1,0,NULL,NULL,'discoloration','uneven ','less than 50%','meter 85',NULL,'down ',NULL,NULL,'d.p.','Wednesday','2018-07-25 08:27:01'
'1','7',0,1,0,0,0,1,0,0,NULL,NULL,'wilted; discolered ',NULL,NULL,NULL,NULL,NULL,NULL,NULL,'d.p.','Wednesday','2018-07-25 08:28:53'
'1','8',1  ,1,NULL,0,0,3,0,0,NULL,'1 bar out shelf 2','disdolored; ',NULL,NULL,NULL,'aphids present ',NULL,NULL,NULL,'d.p.','Wednesday','2018-07-25 08:31:55'
'1','9',1,NULL,1,0,0,NULL,1,0,NULL,'1 bar out shelf 4','N/A','uneven',NULL,NULL,NULL,'down',NULL,NULL,'d.p.','Wednesday','2018-07-25 08:32:51'
'1','10',0,NULL,1,0,0,NULL,0,0,NULL,NULL,'N/A','uneven ',NULL,NULL,NULL,'down ',NULL,NULL,'d.p.','Wednesday','2018-07-25 08:34:28'
'1','11',1,NULL,1,1,1,NULL,1,0,NULL,'1 bar out shelf 1','N/A','uneven ','less than 50%','meter 85',NULL,'down ',NULL,NULL,'d.p.','Wednesday','2018-07-25 08:36:23'
'1','12',0,NULL,0,1,0,NULL,1,0,NULL,NULL,'N/A',NULL,'less than ',NULL,NULL,'down',NULL,NULL,'d.p.','Wednesday','2018-07-25 08:38:51'
'1','13',0,NULL,NULL,1,NULL,NULL,0,0,NULL,NULL,'N/A',NULL,'Water level above lock valve (leak/flood risk )',NULL,NULL,NULL,NULL,NULL,'d.p.','Wednesday','2018-07-25 08:40:51'
'1','13',0,0,0,1,1,1,0,0,NULL,NULL,NULL,NULL,'less than 50%','meter 85 ',NULL,NULL,NULL,NULL,'d.p.','Wednesday','2018-07-25 08:42:48'
'1','14',1,1,1,1,0,1,0,0,NULL,'1 bar out shelf 1','some wilted; some discolored ','uneven ','less than 50%',NULL,NULL,NULL,NULL,NULL,'d.p.','Wednesday','2018-07-25 08:43:53'
'1','16',1,0,0,0,0,1,0,0,NULL,'1 bar out shelf 4',NULL,NULL,NULL,NULL,NULL,NULL,NULL,NULL,'d.p.','Wednesday','2018-07-25 08:45:51'
'1','17',NULL,NULL,NULL,1,NULL,NULL,1,0,NULL,'N/A','N/A',NULL,'less than 50%',NULL,NULL,'off',NULL,NULL,'d.p.','Wednesday','2018-07-25 08:48:41'
'1','18',NULL,1,NULL,1,NULL,NULL,1,0,NULL,'N/A','some burnt tip ','N/A','less than 50%',NULL,NULL,'off',NULL,NULL,'d.p.','Wednesday','2018-07-25 08:51:06'
'1','1',1,1,0,0,1,2,0,0,1,'diodes out shelf 4','discolored ',NULL,NULL,'meter 89','damage to leaves ',NULL,NULL,'multi shelfs risers out /screens as well ','d.p.','Friday','2018-07-27 08:16:38'
'1','2',1,NULL,NULL,1,NULL,NULL,0,NULL,NULL,'1 bar out shelf 1','N/A',NULL,'drained ',NULL,NULL,NULL,NULL,NULL,'d.p.','Friday','2018-07-27 08:17:47'
'1','3',0,0,1,0,0,2,0,0,0,NULL,NULL,'uneven ',NULL,NULL,'damage to leaves minor ',NULL,NULL,NULL,'d.p.','Friday','2018-07-27 08:23:50'
'1','4',0,1,0,0,0,2,0,0,0,NULL,'discolored; necrosis ',NULL,NULL,NULL,'damage to leaves ',NULL,NULL,NULL,'d.p.','Friday','2018-07-27 08:25:20'
'1','5',1,1,1,0,0,2,1,0,0,'1 bar out shelf 1','discolored ','uneven ',NULL,NULL,'damage to leaves minor ','down',NULL,NULL,'d.p.','Friday','2018-07-27 08:31:34'
'1','6 ',0,1,0,0,1,2,1,0,0,NULL,'some wilting ',NULL,NULL,'meter 89','aphids present ','down',NULL,NULL,'d.p.','Friday','2018-07-27 08:33:51'
'1','7',0,1,1,1,0,2,0,0,0,NULL,'some wilting ','uneven ','less than 50%',NULL,'damage to leaves minor ',NULL,NULL,NULL,'d.p.','Friday','2018-07-27 08:36:48'
'1','8',1,NULL,NULL,0,NULL,NULL,0,1,NULL,'1 bar out shelf 1','N/A',NULL,NULL,NULL,NULL,NULL,'wet spot front of rack',NULL,'d.p.','Friday','2018-07-27 08:38:27'
'1','9',1,0,0,0,0,1,1,0,0,'1 bar out shelf 4',NULL,NULL,NULL,NULL,NULL,'down ',NULL,NULL,'d.p.','Friday','2018-07-27 08:47:03'
'1','10',0,0,0,0,0,1,1,0,0,NULL,NULL,NULL,NULL,NULL,NULL,'down',NULL,NULL,'d.p.','Friday','2018-07-27 08:48:41'
'1','11',1,0,0,0,1,1,1,0,0,'1 bar out shelf 1',NULL,NULL,NULL,'meter 85',NULL,'down ',NULL,NULL,'d.p.','Friday','2018-07-27 08:52:10'
'1','12',0,0,0,0,0,2,1,0,0,NULL,NULL,NULL,NULL,NULL,'damage to leaves minor ','down',NULL,NULL,'d.p.','Friday','2018-07-27 08:53:40'
'1','13',0,NULL,NULL,0,NULL,NULL,0,0,1,NULL,'N/A',NULL,NULL,NULL,NULL,NULL,NULL,'one mising shelf 6','d.p.','Friday','2018-07-27 08:57:13'
'1','14',0,1,0,0,1,1,0,0,0,NULL,'discolored brown roots',NULL,NULL,'meter 84',NULL,NULL,NULL,NULL,'d.p.','Friday','2018-07-27 08:58:53'
'1','15',1,1,0,0,0,2,0,0,0,'1 bar out shelf 1','some wilted ',NULL,NULL,NULL,'aphids present ',NULL,NULL,NULL,'d.p.','Friday','2018-07-27 09:03:25'
'1','16',1,0,0,1,0,1,0,0,0,'1 bar out shelf 4 ',NULL,NULL,'less than 50%',NULL,'0',NULL,NULL,NULL,'d.p.','Friday','2018-07-27 09:05:01'
'1','17',NULL,0,0,0,0,1,0,0,0,'N/A',NULL,NULL,NULL,NULL,NULL,NULL,NULL,NULL,'d.p.','Friday','2018-07-27 09:12:38'
'1','18',NULL,0,NULL,0,NULL,1,NULL,0,0,'N/A',NULL,NULL,NULL,NULL,NULL,NULL,NULL,NULL,'d.p.','Friday','2018-07-27 09:13:18'
'1','1',NULL,0,0,NULL,0,NULL,NULL,0,NULL,NULL,NULL,NULL,NULL,NULL,NULL,NULL,NULL,NULL,'JDW','Saturday','2018-07-28 11:44:57'
'1','3',NULL,0,1,NULL,0,NULL,NULL,0,NULL,NULL,NULL,'No flow on shelf 1',NULL,NULL,NULL,NULL,NULL,NULL,'JDW','Saturday','2018-07-28 11:46:17'
'1','5',NULL,0,1,NULL,0,NULL,NULL,0,NULL,NULL,NULL,'Poor fow shelves 5-7',NULL,NULL,NULL,NULL,NULL,NULL,'JDW','Saturday','2018-07-28 11:49:46'
'1','7',NULL,1,0,NULL,0,NULL,NULL,0,NULL,NULL,'Shelf 4 dead',NULL,NULL,NULL,NULL,NULL,NULL,NULL,'JDW','Saturday','2018-07-28 11:50:37'
'1','9',NULL,0,0,NULL,0,NULL,NULL,0,NULL,NULL,NULL,NULL,NULL,NULL,NULL,NULL,NULL,NULL,'JDW','Saturday','2018-07-28 11:51:41'
'1','10',NULL,0,0,NULL,0,NULL,NULL,0,NULL,NULL,NULL,NULL,NULL,NULL,NULL,NULL,NULL,NULL,'JDW','Saturday','2018-07-28 11:52:48'
'1','11',NULL,0,0,NULL,0,NULL,NULL,0,NULL,NULL,NULL,NULL,NULL,NULL,NULL,NULL,NULL,NULL,'JDW','Saturday','2018-07-28 11:53:18'
'1','12',NULL,0,0,NULL,0,NULL,NULL,0,NULL,NULL,NULL,NULL,NULL,NULL,NULL,NULL,NULL,NULL,'JDW','Saturday','2018-07-28 11:54:13'
'1','14',NULL,0,0,NULL,0,NULL,NULL,0,NULL,NULL,NULL,NULL,NULL,NULL,NULL,NULL,NULL,NULL,'JDW','Saturday','2018-07-28 11:55:44'
'1','15',NULL,1,0,NULL,0,NULL,NULL,0,NULL,NULL,'Dead plants shelf 1',NULL,NULL,NULL,NULL,NULL,NULL,NULL,'JDW','Saturday','2018-07-28 11:57:01'
'1','16',NULL,0,0,NULL,0,NULL,NULL,0,NULL,NULL,NULL,NULL,NULL,NULL,NULL,NULL,NULL,NULL,'JDW','Saturday','2018-07-28 11:57:51'
'1','PR1',NULL,0,0,NULL,0,NULL,NULL,0,NULL,NULL,NULL,NULL,NULL,NULL,NULL,NULL,NULL,NULL,'JDW','Saturday','2018-07-28 12:01:12'
'1','1',NULL,0,0,NULL,0,NULL,NULL,NULL,NULL,NULL,NULL,NULL,NULL,NULL,NULL,NULL,NULL,NULL,'JDW','Sunday','2018-07-29 16:05:27'
'1','3',NULL,0,0,NULL,0,NULL,NULL,0,NULL,NULL,NULL,NULL,NULL,NULL,NULL,NULL,NULL,NULL,'JDW','Sunday','2018-07-29 16:06:02'
'1','5',NULL,0,1,NULL,0,NULL,NULL,0,NULL,NULL,'Ready for harvest','Weak flow on bottom shelves',NULL,NULL,NULL,NULL,NULL,NULL,'JDW','Sunday','2018-07-29 16:07:14'
'1','7',NULL,1,0,NULL,0,NULL,NULL,0,NULL,NULL,'Dead plants shelf 4',NULL,NULL,NULL,NULL,NULL,NULL,NULL,'JDW','Sunday','2018-07-29 16:08:10'
'1','9',NULL,0,0,NULL,0,NULL,NULL,0,NULL,NULL,NULL,NULL,NULL,NULL,NULL,NULL,NULL,NULL,'JDW','Sunday','2018-07-29 16:08:56'
'1','10',NULL,0,0,NULL,0,NULL,NULL,0,NULL,NULL,NULL,NULL,NULL,NULL,NULL,NULL,NULL,NULL,'JDW','Sunday','2018-07-29 16:09:52'
'1','11',NULL,0,0,NULL,0,NULL,NULL,0,NULL,NULL,NULL,NULL,NULL,NULL,NULL,NULL,NULL,NULL,'JDW','Sunday','2018-07-29 16:10:05'
'1','12',NULL,0,0,NULL,0,NULL,NULL,0,NULL,NULL,NULL,NULL,NULL,NULL,NULL,NULL,NULL,NULL,'JDW','Sunday','2018-07-29 16:11:24'
'1','14',NULL,0,0,NULL,0,NULL,NULL,0,NULL,NULL,NULL,NULL,NULL,NULL,NULL,NULL,NULL,NULL,'JDW','Sunday','2018-07-29 16:12:42'
'1','15',NULL,1,0,NULL,0,NULL,NULL,0,NULL,NULL,'Dead plants shelf 1',NULL,NULL,NULL,NULL,NULL,NULL,NULL,'JDW','Sunday','2018-07-29 16:13:47'
'1','16',NULL,0,0,NULL,0,NULL,NULL,0,NULL,NULL,NULL,NULL,NULL,NULL,NULL,NULL,NULL,NULL,'JDW','Sunday','2018-07-29 16:14:26'
'1','PR1',NULL,0,0,NULL,0,NULL,NULL,0,NULL,NULL,NULL,NULL,NULL,NULL,NULL,NULL,NULL,NULL,'JDW','Sunday','2018-07-29 16:18:34'
'1','1',0,1,0,1,1,2,0,0,NULL,NULL,'discolored ',NULL,'less than 50%','meter 89','damage to leaves; thripes present',NULL,NULL,NULL,'d.p.','Monday','2018-07-30 08:06:37'
'1','2',1,NULL,NULL,1,NULL,NULL,0,NULL,NULL,'1 bar out shelf 1','N/A',NULL,'less than 50%',NULL,NULL,NULL,NULL,NULL,'d.p.','Monday','2018-07-30 08:07:33'
'1','3',0,0,1,0,0,2,0,0,NULL,NULL,NULL,'uneven ',NULL,NULL,'damage to leaves ',NULL,NULL,NULL,'d.p.','Monday','2018-07-30 08:09:42'
'1','5',0,NULL,NULL,1,NULL,NULL,0,0,NULL,NULL,'N/A',NULL,'less than 50%',NULL,NULL,NULL,NULL,NULL,'d.p.','Monday','2018-07-30 08:11:01'
'1','4',1,1,1,1,1,1,1,0,NULL,'1 bar out shelf 1','discolored ','uneven ','less than 50%','meter 85%','damage to leaves ','down ',NULL,NULL,'d.p.','Monday','2018-07-30 08:15:06'
'1','6',0,NULL,NULL,1,NULL,NULL,1,0,NULL,NULL,'N/A',NULL,'Less than 50%',NULL,NULL,'down ',NULL,NULL,'d.p.','Monday','2018-07-30 08:17:14'
'1','7',0,1,0,1,0,1,1,0,NULL,NULL,'wilted partial ',NULL,'less than 50%',NULL,NULL,'down ',NULL,NULL,'d.p.','Monday','2018-07-30 08:18:56'
'1','8',1,NULL,NULL,0,NULL,NULL,1,0,NULL,'1 bar out shelf 2','N/A',NULL,NULL,NULL,NULL,'down',NULL,NULL,'d.p.','Monday','2018-07-30 08:20:32'
'1','9',1,1,0,0,0,1,0,0,NULL,'1 bar out shelf 4 ','discolored minor ',NULL,NULL,NULL,NULL,NULL,NULL,NULL,'d.p.','Monday','2018-07-30 08:23:21'
'1','10 ',0,1,0,0,0,1,0,0,NULL,NULL,'discolor minor ',NULL,NULL,NULL,NULL,NULL,NULL,NULL,'d.p.','Monday','2018-07-30 08:25:40'
'1','11',1,1,0,0,1,1,0,0,NULL,'1 bar out shelf 1','discolored minor ',NULL,NULL,'meter 87',NULL,NULL,NULL,NULL,'d.p.','Monday','2018-07-30 08:27:34'
'1','12',0,0,0,0,0,0,0,0,NULL,NULL,NULL,NULL,NULL,NULL,NULL,NULL,NULL,NULL,'d.p.','Monday','2018-07-30 08:28:36'
'1','13',0,NULL,NULL,0,NULL,NULL,0,0,NULL,NULL,'N/A',NULL,NULL,NULL,NULL,NULL,NULL,NULL,'d.p.','Monday','2018-07-30 08:30:08'
'1','14',0,1,0,0,1,1,0,0,NULL,NULL,'some tips burnt/red',NULL,NULL,'meter85',NULL,NULL,NULL,NULL,'d.p.','Monday','2018-07-30 08:31:50'
'1','15',1,1,0,1,0,2,0,0,NULL,'1 bar out shelf 1 ','some wilted ',NULL,'less than 50%',NULL,'damage to leaves minor ',NULL,NULL,NULL,'d.p.','Monday','2018-07-30 08:33:56'
'1','16 ',1,0,0,1,0,1,0,0,NULL,'1 bar out shelf 1',NULL,NULL,'less thn 50 %',NULL,NULL,NULL,NULL,NULL,'d.p.','Monday','2018-07-30 08:35:46'
'1','17 ',0 ,0,0,0,0,1,0,0,NULL,NULL,NULL,NULL,NULL,NULL,NULL,NULL,NULL,NULL,'d.p.','Monday','2018-07-30 08:41:19'
'1','18',0,0,NULL,0,NULL,NULL,NULL,0,NULL,NULL,NULL,'N/A',NULL,NULL,NULL,NULL,NULL,NULL,'d.p.','Monday','2018-07-30 08:42:53'
'1','1',1,NULL,NULL,0,0,NULL,0,0,NULL,'diodes out shelf 4','N/A',NULL,NULL,NULL,NULL,NULL,NULL,NULL,'d.p.','Tuesday','2018-07-31 08:13:43'
'1','2',1,NULL,0,0,1,NULL,0,0,NULL,'diodes out shelf 1','N/A',NULL,NULL,'87',NULL,NULL,NULL,NULL,'d.p.','Tuesday','2018-07-31 08:16:11'
'1','3',0,1,0,0,0,2,0,0,NULL,NULL,NULL,NULL,NULL,NULL,'thrips/skins; aphids ; damage to plants ;',NULL,NULL,NULL,'d.p.','Tuesday','2018-07-31 08:18:00'
'1','4',0,NULL,NULL,0,NULL,NULL,0,0,NULL,NULL,'N/A',NULL,NULL,NULL,NULL,NULL,NULL,NULL,'d.p.','Tuesday','2018-07-31 08:18:32'
'1','5',1,2,0,0,0,2,1,0,NULL,'1 bar out shelf 1','discolored  wilted; nutritional',NULL,NULL,NULL,'damage to leaves ','down',NULL,NULL,'d.p.','Tuesday','2018-07-31 08:21:58'
'1','6',1 ,NULL,NULL,0,NULL,NULL,1,0,NULL,'diodes out shelf 2','N/A',NULL,NULL,NULL,NULL,'down',NULL,NULL,'d.p.','Tuesday','2018-07-31 08:23:24'
'1','7',0,0,0,0,0,2,1,0,NULL,NULL,NULL,NULL,NULL,NULL,'damage to leaves','down',NULL,NULL,'d.p.','Tuesday','2018-07-31 08:25:34'
'1','8',1,NULL,NULL,0,NULL,NULL,1,0,NULL,'1 bar out shelf 2','N/A',NULL,NULL,NULL,NULL,'down',NULL,NULL,'d.p.','Tuesday','2018-07-31 08:26:38'
'1','9',1,1,0,0,0,1,0,0,NULL,'1 bar out shelf 3',NULL,NULL,NULL,NULL,NULL,NULL,NULL,NULL,'d.p.','Tuesday','2018-07-31 08:29:20'
'1','10',0,1,0,0,0,2,0,0,NULL,NULL,'discolored',NULL,NULL,NULL,'damage to leaves ',NULL,NULL,NULL,'d.p.','Tuesday','2018-07-31 08:31:56'
'1','11',1,1,0,0,1,2 ,0,0,NULL,'1 bar out shelf 1','discolored',NULL,NULL,'meter 87','damage ti leaves ',NULL,NULL,NULL,'d.p.','Tuesday','2018-07-31 08:34:33'
'1','12',0,1,0,0,0,2,0,0,NULL,NULL,'discolor',NULL,NULL,NULL,'damage to leaves minor ',NULL,NULL,NULL,'d.p.','Tuesday','2018-07-31 08:36:17'
'1','12',0,NULL,NULL,0,NULL,NULL,0,0,NULL,NULL,NULL,NULL,NULL,NULL,NULL,NULL,NULL,NULL,'d.p.','Tuesday','2018-07-31 08:37:12'
'1','14',0,1,0,1,1,0,0,0,NULL,NULL,'burnt tips pf leaves ',NULL,'less than 50% significant ','meter 87',NULL,NULL,NULL,NULL,'d.p.','Tuesday','2018-07-31 08:39:54'
'1','15 ',1,1,0,0,0,2,1,0,NULL,'1 bar of shelf 1 ','some wilting ',NULL,NULL,NULL,'damage to leaves ',NULL,NULL,NULL,'d.p.','Tuesday','2018-07-31 08:41:06'
'1','16',1,1,0,1,0,1,0,0,NULL,'1 bar down shelf 4','some discolored ',NULL,'less than 50%',NULL,NULL,NULL,NULL,NULL,'d.p.','Tuesday','2018-07-31 08:42:53'
'1','17',1,0,0,0,0,1,0,0,NULL,'missing float on a shelf possible risk for algea growth',NULL,NULL,NULL,NULL,NULL,NULL,NULL,NULL,'d.p.','Tuesday','2018-07-31 08:53:03'
'1','18 ',0,0,1,1,1,1,0,0,NULL,NULL,NULL,'some sitting water no floats/water not running ','less than 50%','missing pump meter ',NULL,NULL,NULL,NULL,'d.p.','Tuesday','2018-07-31 08:57:55'
'1','1',0,0,0,0,0,1,0,0,NULL,NULL,NULL,NULL,NULL,NULL,NULL,NULL,NULL,NULL,'d.p.','Wednesday','2018-08-01 08:05:31'
'1','2',1,0,0,0,1,1,0,0,NULL,'diodes out shelf 1',NULL,NULL,NULL,'meter 89',NULL,NULL,NULL,NULL,'d.p.','Wednesday','2018-08-01 08:06:57'
'1','3',0,0,1,0,0,1,0,0,NULL,NULL,NULL,'uneven minor ',NULL,NULL,NULL,NULL,NULL,NULL,'d.p.','Wednesday','2018-08-01 08:08:35'
'1','4',0,NULL,1,1,0,NULL,0,0,NULL,NULL,'N/A','uneven ','less than 50%',NULL,NULL,NULL,NULL,NULL,'d.p.','Wednesday','2018-08-01 08:10:04'
'1','5',1,1,0,0,0,1,1,0,NULL,'1 bar out shelf 1','discolored ',NULL,NULL,NULL,NULL,NULL,NULL,NULL,'d.p.','Wednesday','2018-08-01 08:14:55'
'1','6',1,0,1,0,1,1,1,0,NULL,'diodes out shelf 2 ',NULL,'uneven ',NULL,'meter 87',NULL,'down',NULL,NULL,'d.p.','Wednesday','2018-08-01 08:16:03'
'1','7',0,0,0,0,0,2,1,0,NULL,NULL,NULL,NULL,NULL,NULL,'damage to leaves on seedlings shelfs 1; 2; 4; samples places on res ','down ',NULL,NULL,'d.p.','Wednesday','2018-08-01 08:20:29'
'1','8',1,NULL,1,0,0,NULL,1,0,NULL,'1 bar out shelf 2','N/A','uneven ',NULL,NULL,NULL,'down',NULL,NULL,'d.p.','Wednesday','2018-08-01 08:21:52'
'1','9',1,0,0,1,0,2,0,0,NULL,'1 bar out shelf 4',NULL,NULL,'less than 50%',NULL,'damage to leaves sample on res',NULL,NULL,NULL,'d.p.','Wednesday','2018-08-01 08:26:22'
'1','10',0,1,0,0,0,2,0,0,NULL,NULL,'discolored; necrosis ',NULL,NULL,NULL,'damage to leaves; confirm?',NULL,NULL,NULL,'d.p.','Wednesday','2018-08-01 08:30:50'
'1','11',1,1,0,0,1,2,0,0,NULL,'1 bar out shelf 1','damage to leaves ',NULL,NULL,'meter 87 ','damage to leaves; confirm ?',NULL,NULL,NULL,'d.p.','Wednesday','2018-08-01 08:32:00'
'1','12 ',0,1,1,0,0,2,0,0,NULL,NULL,'some discolored ','uneven ',NULL,NULL,'damage to leaves ; sample on res ',NULL,NULL,NULL,'d.p.','Wednesday','2018-08-01 08:35:31'
'1','13 ',0,NULL,1,1,0,NULL,0,0,NULL,NULL,'N/A','uneven ',' less than 50%',NULL,NULL,NULL,NULL,NULL,'d.p.','Wednesday','2018-08-01 08:36:16'
'1','14',0,1,0,0,1,1,0,0,NULL,NULL,'burnt tips ',NULL,NULL,'meter 87 ',NULL,NULL,NULL,NULL,'d.p.','Wednesday','2018-08-01 08:38:50'
'1','15 ',1,1,1,0,0,2,0,0,NULL,'1 bar out shelf 1 ','some discolored ','uneven ',NULL,NULL,'damage to leaves ; sample left on top of res ',NULL,NULL,NULL,'d.p.','Wednesday','2018-08-01 08:40:31'
'1','16',1,1,0,1,0,2,0,0,NULL,'1 bar out shelf 3','some discolored minor ',NULL,'less than 50%',NULL,'damage to leaves minor but present sample left on res ',NULL,NULL,NULL,'d.p.','Wednesday','2018-08-01 08:43:46'
'1','17',1,0,0,0,0,1,1,0,NULL,'one float missing ',NULL,NULL,NULL,NULL,NULL,'turned off/down ',NULL,NULL,'d.p.','Wednesday','2018-08-01 08:48:28'
'1','18 ',0,0,NULL,1,NULL,NULL,NULL,0,NULL,NULL,NULL,'N/A','less than ','off',NULL,'off',NULL,NULL,'d.p.','Wednesday','2018-08-01 08:49:47'
'1','1',1,0,1,0,1,1,0,0,NULL,'diodes out shelf 4',NULL,'uneven',NULL,'meter 89',NULL,NULL,NULL,NULL,'dp ','Thursday','2018-08-02 08:06:57'
'1','2',1,0,0,0,1,1,0,0,NULL,'diodes out shelf 1',NULL,NULL,NULL,'89',NULL,NULL,NULL,NULL,'dp ','Thursday','2018-08-02 08:09:18'
'1','3',0,0,0,0,0,2,0,0,NULL,NULL,NULL,NULL,NULL,NULL,'thripes/skins/damage to leaves minor ',NULL,NULL,NULL,'dp ','Thursday','2018-08-02 08:10:10'
'1','4',0,0,0 ,0,0,1,0,0,NULL,NULL,NULL,NULL,NULL,NULL,NULL,NULL,NULL,NULL,'dp ','Thursday','2018-08-02 08:11:53'
'1','5',1,NULL,NULL,0,NULL,1,1,0,NULL,'1 bar out shelf 1','N/A',NULL,NULL,NULL,NULL,'down',NULL,NULL,'dp ','Thursday','2018-08-02 08:13:25'
'1','6',0,0,0,0,0,1,1,0,NULL,NULL,NULL,NULL,NULL,NULL,NULL,'down',NULL,NULL,'dp ','Thursday','2018-08-02 08:15:52'
'1','7',0,1,0,1,0,2,1 ,0,NULL,NULL,'some wilted',NULL,'less than 50%',NULL,'damage to leaves ','down ',NULL,NULL,'dp ','Thursday','2018-08-02 08:18:19'
'1','8',1,0,1,0,0,1,1,0,NULL,'1bar out shelf 1 ',NULL,'uneven ',NULL,NULL,NULL,'down ',NULL,NULL,'dp ','Thursday','2018-08-02 08:20:17'
'1','9',1 ,0,0,0,0,1,1,0,NULL,'1 bar out shelf 1',NULL,NULL,NULL,NULL,NULL,'unplugged  due to potential issue contact facilities ','0',NULL,'dp ','Thursday','2018-08-02 08:23:46'
'1','10',0,0,0,0,0,2,1,0,NULL,NULL,NULL,NULL,NULL,NULL,'damage to leaves minor ','unplugged see rack#9comment',NULL,NULL,'dp ','Thursday','2018-08-02 08:26:28'
'1','11',1,1,0,1,1,1,1,0,NULL,'1 bar out shelf 1','discolored; nutritional ',NULL,'less than 50%','meter 85',NULL,'unplugged see rack#9comment',NULL,NULL,'dp ','Thursday','2018-08-02 08:29:28'
'1','12',0,1,0,0,0,2,1,0,NULL,NULL,'discolored; wilted; nutritional ',NULL,NULL,NULL,'damage to leaves minor ','unplugged see rack#9comment',NULL,NULL,'dp ','Thursday','2018-08-02 08:32:06'
'1','13',0,0,0,0,0,1,0,0,NULL,NULL,NULL,NULL,NULL,NULL,NULL,NULL,NULL,NULL,'dp ','Thursday','2018-08-02 08:32:50'
'1','14',0,1,0,0,1,1,0,0,NULL,NULL,'nutritional; discolored; burnt tips',NULL,NULL,'meter 85',NULL,NULL,NULL,NULL,'dp ','Thursday','2018-08-02 08:35:07'
'1','15',1,1,0,0,0,1,0,1,NULL,'1 bar out rack 1','discolored; nutritional ',NULL,NULL,NULL,NULL,NULL,'floor under reservoir',NULL,'dp ','Thursday','2018-08-02 08:37:40'
'1','16',1,1,0,0,0,2,0,1 ,NULL,'1 bar out shelf 4','discolored minor ',NULL,NULL,NULL,'damage to leaves minor ',NULL,'near front of manifold on floor ',NULL,'dp ','Thursday','2018-08-02 08:40:40'
'1','17',0,1,0,0,0,2,0,0,NULL,NULL,'dicolored minor',NULL,NULL,NULL,'damage to leaves very minor ',NULL,NULL,NULL,'dp ','Thursday','2018-08-02 08:45:35'
'1','18',1,0,NULL,1,NULL,0,NULL,0,NULL,'off',NULL,NULL,'tipping point ',NULL,NULL,NULL,NULL,NULL,'dp ','Thursday','2018-08-02 08:46:41'
'1','1',1,0,1,0,1,1,0,0,0,'diodes out shelf 4 ',NULL,'uneven shelf 7',' ','89',NULL,NULL,NULL,NULL,'dp ','Friday','2018-08-03 08:11:48'
'1','2',0,0,0,0,1,1,0,0,0,NULL,NULL,NULL,NULL,'88',NULL,NULL,NULL,NULL,'dp ','Friday','2018-08-03 08:14:33'
'1','3',0,1,0,0,0,2,0,0,0,NULL,'discolored',NULL,NULL,NULL,'damage to leaves ',NULL,NULL,NULL,'dp ','Friday','2018-08-03 08:18:16'
'1','4',0,0,0,0,0,1,0,0,0,NULL,NULL,NULL,NULL,NULL,NULL,NULL,NULL,NULL,'dp ','Friday','2018-08-03 08:20:33'
'1','5',1,NULL,0,0,0,NULL,1,0,1,'1 bar out shelf 1','N/A',NULL,NULL,NULL,NULL,'Down',NULL,'no risers shelf 4 due to flooding on 8/2 ','dp ','Friday','2018-08-03 08:24:10'
'1','6',0,0,1,NULL,0,2,1,0,0,NULL,NULL,NULL,NULL,NULL,'damage to leaves minor ','down',NULL,NULL,'dp ','Friday','2018-08-03 08:28:51'
'1','7',0,0,0,0,0,0,1,0,0,NULL,NULL,NULL,NULL,NULL,NULL,'down',NULL,NULL,'dp ','Friday','2018-08-03 08:32:39'
'1','0',1,0,0,0,0,1,1,0,0,'1 bar out shelf 2',NULL,NULL,NULL,NULL,NULL,'down',NULL,NULL,'dp ','Friday','2018-08-03 08:34:47'
'1','9',1 ,0,0,0,0,1,0,0,0,'1 bar out shelf 4',NULL,NULL,NULL,NULL,NULL,NULL,NULL,NULL,'dp ','Friday','2018-08-03 08:40:48'
'1','10',0,1,0,0,0,1,0,0,0,NULL,'nutritional',NULL,NULL,NULL,NULL,NULL,NULL,NULL,'dp ','Friday','2018-08-03 08:42:35'
'1','11',1,1,0,0,1,1,0,0,0,'1 bar out shelf 1','nutritional ',NULL,NULL,'meter 87',NULL,NULL,NULL,NULL,'dp ','Friday','2018-08-03 08:48:17'
'1','12',0,0,0,0,0,2,0,0,0,NULL,NULL,NULL,NULL,NULL,'damage to leaves minor ',NULL,NULL,'(no screens each shelf)','dp ','Friday','2018-08-03 08:50:21'
'1','13 ',0,0,0,0,0,2 ,0,0,0,NULL,NULL,NULL,NULL,NULL,'damage to leaves minor ',NULL,NULL,NULL,'dp ','Friday','2018-08-03 08:53:53'
'1','14',0,1,1,0,1,0,0,0,0,NULL,'nutritional; burnt tips ','rack in use/work',NULL,'meter 87 ',NULL,NULL,NULL,NULL,'dp ','Friday','2018-08-03 08:56:41'
'1','15',1,1,0,1,0,2,0,0,0,'1 bar out shelf 1','necrosis; discolor; wilt',NULL,'less thn 50%',NULL,'damage to leaves minor ',NULL,NULL,NULL,'dp ','Friday','2018-08-03 08:59:38'
'1','16 ',1,1,0,0,0,2,0,1,0,'1 bar out shelf 3','discolored',NULL,NULL,NULL,'damage to leaves ',NULL,'leak front of manifold',NULL,'dp ','Friday','2018-08-03 09:08:09'
'1','17',0,0,0,0,0,1,0,0,0,NULL,NULL,NULL,NULL,NULL,NULL,NULL,NULL,'screens ;missing','dp ','Friday','2018-08-03 09:14:01'
'1','18',0,0,NULL,1,NULL,NULL,NULL,0,1,NULL,NULL,'N/A','tipping point ',NULL,NULL,'off',NULL,'1 riser missing shelf 7','dp ','Friday','2018-08-03 09:15:19'
'1','1',NULL,0,0,NULL,0,NULL,NULL,0,NULL,NULL,NULL,NULL,NULL,NULL,NULL,NULL,NULL,NULL,'jw','Saturday','2018-08-04 11:57:08'
'1','2',NULL,0,0,NULL,0,NULL,NULL,0,NULL,NULL,NULL,NULL,NULL,NULL,NULL,NULL,NULL,NULL,'jw','Saturday','2018-08-04 11:57:26'
'1','3',NULL,0,0,NULL,0,NULL,NULL,0,NULL,NULL,NULL,NULL,NULL,NULL,NULL,NULL,NULL,NULL,'jw','Saturday','2018-08-04 11:57:45'
'1','4',NULL,0,0,NULL,0,NULL,NULL,0,NULL,NULL,NULL,NULL,NULL,NULL,NULL,NULL,NULL,NULL,'jw','Saturday','2018-08-04 11:58:01'
'1','5',NULL,0,1,NULL,NULL,NULL,NULL,0,NULL,NULL,NULL,'shelf 6 no flow pipe down',NULL,NULL,NULL,NULL,NULL,NULL,'jw','Saturday','2018-08-04 11:59:01'
'1','6',NULL,0,0,NULL,0,NULL,NULL,0,NULL,NULL,NULL,NULL,NULL,NULL,NULL,NULL,NULL,NULL,'jw','Saturday','2018-08-04 12:00:45'
'1','7',NULL,1,0,NULL,0,NULL,NULL,0,NULL,NULL,'seedlings not in holes   drying out',NULL,NULL,NULL,NULL,NULL,NULL,NULL,'jw','Saturday','2018-08-04 12:01:22'
'1','8',NULL,0,0,NULL,0,NULL,NULL,0,NULL,NULL,NULL,NULL,NULL,NULL,NULL,NULL,NULL,NULL,'jw','Saturday','2018-08-04 12:01:44'
'1','9',NULL,0,0,NULL,0,NULL,NULL,0,NULL,NULL,NULL,NULL,NULL,NULL,NULL,NULL,NULL,NULL,'jw','Saturday','2018-08-04 12:02:56'
'1','10',NULL,0,0,NULL,0,NULL,NULL,0,NULL,NULL,NULL,NULL,NULL,NULL,NULL,NULL,NULL,NULL,'jw','Saturday','2018-08-04 12:03:09'
'1','11',NULL,0,0,NULL,0,NULL,NULL,0,NULL,NULL,NULL,NULL,NULL,NULL,NULL,NULL,NULL,NULL,'jw','Saturday','2018-08-04 12:03:24'
'1','12',NULL,1,0,NULL,0,NULL,NULL,0,NULL,NULL,'discolored',NULL,NULL,NULL,NULL,NULL,NULL,NULL,'jw','Saturday','2018-08-04 12:04:32'
'1','13',NULL,0,0,NULL,0,NULL,NULL,0,NULL,NULL,NULL,NULL,NULL,NULL,NULL,NULL,NULL,NULL,'jw','Saturday','2018-08-04 12:04:54'
'1','14',NULL,1,0,NULL,0,NULL,NULL,0,NULL,NULL,'discolored  pull',NULL,NULL,NULL,NULL,NULL,NULL,NULL,'jw','Saturday','2018-08-04 12:05:59'
'1','15',NULL,1,0,NULL,0,NULL,NULL,1,NULL,NULL,'discolored  ',NULL,NULL,NULL,NULL,NULL,'drip next to reservoir',NULL,'jw','Saturday','2018-08-04 12:06:44'
'1','16',NULL,1,0,NULL,0,NULL,NULL,0,NULL,NULL,'wilted discolored',NULL,NULL,NULL,NULL,NULL,NULL,NULL,'jw','Saturday','2018-08-04 12:07:18'
'1','1',NULL,0,0,NULL,0,NULL,NULL,0,NULL,NULL,NULL,NULL,NULL,NULL,NULL,NULL,NULL,NULL,'jw','Sunday','2018-08-05 10:35:31'
'1','2',NULL,0,0,NULL,0,NULL,NULL,0,NULL,NULL,NULL,NULL,NULL,NULL,NULL,NULL,NULL,NULL,'jw','Sunday','2018-08-05 10:35:51'
'1','3',NULL,1,0,NULL,0,NULL,NULL,0,NULL,NULL,'discolored  - no growth',NULL,NULL,NULL,NULL,NULL,NULL,NULL,'jw','Sunday','2018-08-05 10:36:38'
'1','4',NULL,0,1,NULL,0,NULL,NULL,0,NULL,NULL,NULL,'shelf 6 - no outflow pipe',NULL,NULL,NULL,NULL,NULL,NULL,'jw','Sunday','2018-08-05 10:37:56'
'1','6',NULL,0,0,NULL,0,NULL,NULL,0,NULL,NULL,NULL,NULL,NULL,NULL,NULL,NULL,NULL,NULL,'jw','Sunday','2018-08-05 10:41:41'
'1','7',NULL,1,0,NULL,0,NULL,NULL,0,NULL,NULL,'discoloration yellowing',NULL,NULL,NULL,NULL,NULL,NULL,NULL,'jw','Sunday','2018-08-05 10:42:17'
'1','8',NULL,0,0,NULL,0,NULL,NULL,0,NULL,NULL,NULL,NULL,NULL,NULL,NULL,NULL,NULL,NULL,'jw','Sunday','2018-08-05 10:42:29'
'1','9',NULL,0,0,NULL,0,NULL,NULL,0,NULL,NULL,NULL,NULL,NULL,NULL,NULL,NULL,NULL,NULL,'jw','Sunday','2018-08-05 10:43:38'
'1','10',NULL,0,0,NULL,0,NULL,NULL,0,NULL,NULL,NULL,NULL,NULL,NULL,NULL,NULL,NULL,NULL,'jw','Sunday','2018-08-05 10:43:53'
'1','11',NULL,0,0,NULL,0,NULL,NULL,0,NULL,NULL,NULL,NULL,NULL,NULL,NULL,NULL,NULL,NULL,'jw','Sunday','2018-08-05 10:44:06'
'1','12',NULL,0,0,NULL,0,NULL,NULL,0,NULL,NULL,NULL,NULL,NULL,NULL,NULL,NULL,NULL,NULL,'jw','Sunday','2018-08-05 10:44:24'
'1','13',NULL,0,0,NULL,0,NULL,NULL,0,NULL,NULL,NULL,NULL,NULL,NULL,NULL,NULL,NULL,NULL,'jw','Sunday','2018-08-05 10:45:40'
'1','14',NULL,1,0,NULL,0,NULL,NULL,1,NULL,NULL,'discoloration yellowing',NULL,NULL,NULL,NULL,NULL,'overfilled',NULL,'jw','Sunday','2018-08-05 10:46:26'
'1','15',NULL,1,0,NULL,0,NULL,NULL,0,NULL,NULL,'discoloration',NULL,NULL,NULL,NULL,NULL,NULL,NULL,'jw','Sunday','2018-08-05 10:46:51'
'1','16',NULL,1,0,NULL,0,NULL,NULL,0,NULL,NULL,'discoloration',NULL,NULL,NULL,NULL,NULL,NULL,NULL,'jw','Sunday','2018-08-05 10:47:32'
'1','1',1,0,0,0,1,1,1,0,NULL,'diodes out 4',NULL,NULL,NULL,'meter 89',NULL,'airator down ',NULL,NULL,'d.p.','Monday','2018-08-06 09:01:37'
'1','2',1,0,0,1,1,1,1,0,NULL,'diodes out shelf 1',NULL,NULL,'less than 50%','meter 89',NULL,'down',NULL,NULL,'d.p.','Monday','2018-08-06 09:04:07'
'1','3',1,1,0,0,0,2,1,0,NULL,NULL,'discoloration minor ',NULL,NULL,NULL,'damage to leaves minor ','down',NULL,NULL,'d.p.','Monday','2018-08-06 09:05:47'
'1','4',0,0,0,0,0,1,1,0,NULL,NULL,NULL,NULL,NULL,NULL,NULL,'down ',NULL,NULL,'d.p.','Monday','2018-08-06 09:08:08'
'1','5',1,NULL,0,0,0,NULL,1,0,NULL,'1 bar out rack 1','N/A',NULL,NULL,NULL,NULL,'down',NULL,NULL,'d.p.','Monday','2018-08-06 09:09:26'
'1','6',0,0,0,1,0,1,1,0,NULL,NULL,NULL,NULL,'less than 50%',NULL,NULL,'down',NULL,NULL,'d.p.','Monday','2018-08-06 09:12:07'
'1','7',0,1,0,1,0,1,1,0,NULL,NULL,'discoloration minor ',NULL,'less than 50%',NULL,NULL,'down',NULL,NULL,'d.p.','Monday','2018-08-06 09:13:24'
'1','8',1,0,0,0,0,1,1,0,NULL,'1 bar out shelf 2',NULL,NULL,NULL,NULL,NULL,'down',NULL,NULL,'d.p.','Monday','2018-08-06 09:14:50'
'1','9',1,0,0,1,0,1,0,0,NULL,'1 bar out shelf 3',NULL,NULL,'less than 50%',NULL,NULL,NULL,NULL,NULL,'d.p.','Monday','2018-08-06 09:17:23'
'1','10',0,1,0,1,0,1,0,0,NULL,NULL,'nutritional/discoloration',NULL,'less than 50%',NULL,NULL,NULL,NULL,NULL,'d.p.','Monday','2018-08-06 09:20:26'
'1','11',1,0,0,1,1,1,0,0,NULL,'1 bar out shelf 1',NULL,NULL,'less than 50%','meter 87',NULL,NULL,NULL,NULL,'d.p.','Monday','2018-08-06 09:21:19'
'1','12',0,0,0,1,0,1,0,0,NULL,NULL,NULL,NULL,'less than 50%',NULL,NULL,NULL,NULL,NULL,'d.p.','Monday','2018-08-06 09:23:13'
'1','13',0,0,0,1,0,1,0,0,NULL,NULL,NULL,NULL,'less than 50%',NULL,NULL,NULL,NULL,NULL,'d.p.','Monday','2018-08-06 09:23:49'
'1','14',0,1,NULL,NULL,1,NULL,0,0,NULL,NULL,'discoored; nutitional ','N/A','N/A','88',NULL,NULL,NULL,NULL,'d.p.','Monday','2018-08-06 09:25:24'
'1','15',1,1,0,0,0,1,0,0,NULL,'1 bar out shelf 1','discolored follow up',NULL,NULL,NULL,NULL,NULL,NULL,NULL,'d.p.','Monday','2018-08-06 09:28:35'
'1','16',1,0,0,1,0,1,0,0,NULL,'1 bar out shelf 4',NULL,NULL,'less than 50%',NULL,NULL,NULL,NULL,NULL,'d.p.','Monday','2018-08-06 09:31:00'
'1','17',1,1,0,0,0,1,0,0,NULL,'turned off','discoloration minor',NULL,NULL,NULL,NULL,NULL,NULL,NULL,'d.p.','Monday','2018-08-06 09:34:37'
'1','18',0,1,0,0,0,1,0,0,NULL,NULL,'burnt tip minor ',NULL,NULL,NULL,NULL,NULL,NULL,NULL,'d.p.','Monday','2018-08-06 09:35:12'
'1','1',0,0,0,0,1,1,1,0,NULL,NULL,NULL,NULL,NULL,'meter 89 ',NULL,'down',NULL,NULL,'d.p.','Tuesday','2018-08-07 09:00:35'
'1','2',0,0,0,0,1,1,1,0,NULL,NULL,NULL,NULL,NULL,'meter 89',NULL,'down',NULL,NULL,'d.p.','Tuesday','2018-08-07 09:02:03'
'1','3',0,NULL,NULL,1,NULL,NULL,1,0,NULL,NULL,'N/A cleaning In process',NULL,'less than 50 ',NULL,NULL,'down ',NULL,NULL,'d.p.','Tuesday','2018-08-07 09:04:23'
'1','4',0,0,0,0,0,1,1,0,NULL,NULL,NULL,NULL,NULL,NULL,NULL,'down',NULL,NULL,'d.p.','Tuesday','2018-08-07 09:06:42'
'1','5',1,NULL,0,0,0,NULL,1,0,NULL,'1 bar out shelf 1','N/A cleaning in peocess',NULL,NULL,NULL,NULL,'down ',NULL,NULL,'d.p.','Tuesday','2018-08-07 09:07:51'
'1','6',0,1,1,0,1,2,1,0,NULL,NULL,'discolored','uneven',NULL,'meter 89 ','damage to leaves minor ','down ',NULL,NULL,'d.p.','Tuesday','2018-08-07 09:10:55'
'1','7',0,NULL,NULL,1,NULL,NULL,1,0,NULL,NULL,'N/A cleaning in process ',NULL,'less than 50%',NULL,NULL,'down ',NULL,NULL,'d.p.','Tuesday','2018-08-07 09:13:42'
'1','8',1,0,0,0,0,1,1,0,NULL,'1 bar out shelf 2',NULL,NULL,NULL,NULL,NULL,'down',NULL,NULL,'d.p.','Tuesday','2018-08-07 09:15:53'
'1','9',1,0,1,0,0,1,0,0,NULL,'1 bar out shelf 4',NULL,'uneven ',NULL,NULL,NULL,NULL,NULL,NULL,'d.p.','Tuesday','2018-08-07 09:17:37'
'1','10',0,1,1,0,0,1,0,0,NULL,NULL,'discoloration minor ','uneven',NULL,NULL,NULL,NULL,NULL,NULL,'d.p.','Tuesday','2018-08-07 09:19:19'
'1','11',0,0,0,0,1,1,0,0,NULL,NULL,NULL,NULL,NULL,'meter 86',NULL,NULL,NULL,NULL,'d.p.','Tuesday','2018-08-07 09:20:45'
'1','12',0,0,1,0,0,1,0,0,NULL,NULL,NULL,'uneven',NULL,NULL,NULL,NULL,NULL,NULL,'d.p.','Tuesday','2018-08-07 09:22:21'
'1','13',0,0,0,1,0,1,0,0,NULL,NULL,NULL,NULL,'less than 50 %',NULL,NULL,NULL,NULL,NULL,'d.p.','Tuesday','2018-08-07 09:23:44'
'1','14',NULL,NULL,NULL,NULL,NULL,NULL,NULL,NULL,NULL,'N/A','N/A',NULL,NULL,NULL,NULL,NULL,NULL,NULL,'d.p.','Tuesday','2018-08-07 09:24:01'
'1','15',NULL,NULL,NULL,NULL,NULL,NULL,NULL,NULL,NULL,'N/A','N/A',NULL,NULL,NULL,NULL,NULL,NULL,NULL,'d.p.','Tuesday','2018-08-07 09:24:38'
'1','16',NULL,NULL,NULL,NULL,NULL,NULL,NULL,NULL,NULL,'N/A','N/A',NULL,NULL,NULL,NULL,NULL,NULL,NULL,'d.p.','Tuesday','2018-08-07 09:25:00'
'1','17',NULL,0,0,0,0,1,0,0,NULL,'N/A',NULL,NULL,NULL,NULL,NULL,NULL,NULL,NULL,'d.p.','Tuesday','2018-08-07 09:29:54'
'1','18',0,1,1,0,0,1,0,0,NULL,NULL,'discoored; wilted ','set as per needed per shelf ',NULL,NULL,NULL,NULL,NULL,NULL,'d.p.','Tuesday','2018-08-07 09:31:16'
'1','1',0,0,0,0,1,1,1,0,NULL,NULL,NULL,NULL,NULL,'88',NULL,'down ',NULL,NULL,'d.p.','Wednesday','2018-08-08 07:43:11'
'1','2',1,0,0,0,1,1,1,0,NULL,'diodes ',NULL,NULL,NULL,'87',NULL,'down',NULL,NULL,'d.p.','Wednesday','2018-08-08 07:45:26'
'1','3',0,NULL,0,0,0,NULL,1,0,NULL,NULL,'N/A',NULL,NULL,NULL,NULL,'down',NULL,NULL,'d.p.','Wednesday','2018-08-08 07:46:06'
'1','4',0,0,0,0,0,1,1,0,NULL,NULL,NULL,NULL,NULL,NULL,NULL,'down',NULL,NULL,'d.p.','Wednesday','2018-08-08 07:48:25'
'1','5',1,NULL,0,0,0,NULL,1,0,NULL,'1 bar out shelf 1','N/A',NULL,NULL,NULL,NULL,'down',NULL,NULL,'d.p.','Wednesday','2018-08-08 07:51:18'
'1','6',0,0,1,0,1,1,1,0,NULL,NULL,NULL,'uneven',NULL,'89',NULL,'down',NULL,NULL,'d.p.','Wednesday','2018-08-08 07:54:48'
'1','7',0,NULL,0,0,0,NULL,1,0,NULL,NULL,'N/A',NULL,NULL,NULL,NULL,'down',NULL,NULL,'d.p.','Wednesday','2018-08-08 07:55:26'
'1','8',1,0,0,0,0,1,1,0,NULL,'1 bar out shelf 2',NULL,NULL,NULL,NULL,NULL,'down',NULL,NULL,'d.p.','Wednesday','2018-08-08 07:57:06'
'1','9',1,0,1,0,0,1,0,0,NULL,'1 bar out shelf 4',NULL,'uneven ',NULL,NULL,NULL,NULL,NULL,NULL,'d.p.','Wednesday','2018-08-08 07:59:17'
'1','10',0,0,1,0,0,1,0,0,NULL,NULL,NULL,'uneven',NULL,NULL,NULL,NULL,' ',NULL,'d.p.','Wednesday','2018-08-08 08:06:07'
'1','11',1,0,0,0,1,1,0,0,NULL,'1 bar out shelf 1',NULL,NULL,NULL,'85',NULL,NULL,NULL,NULL,'d.p.','Wednesday','2018-08-08 08:07:21'
'1','12',0,0,1,0,0,1,0,1,NULL,NULL,NULL,'uneven',NULL,NULL,NULL,NULL,'water pooled in low spot btwn r12 & r11 typical/monitor',NULL,'d.p.','Wednesday','2018-08-08 08:11:00'
'1','13',0,0,1,0,0,0,0,0,NULL,NULL,NULL,'uneven',NULL,NULL,NULL,NULL,NULL,NULL,'d.p.','Wednesday','2018-08-08 08:11:53'
'1','14 ',0,NULL,1,0,1,NULL,0,0,NULL,NULL,'N/A','uneven ',NULL,'87',NULL,NULL,NULL,NULL,'d.p.','Wednesday','2018-08-08 08:13:13'
'1','15',1,NULL,1,0,0,NULL,0,0,NULL,'1 bar out shelf 1','N/A','uneven',NULL,NULL,NULL,NULL,NULL,NULL,'d.p.','Wednesday','2018-08-08 08:14:10'
'1','16',1,NULL,1,0,0,NULL,0,0,NULL,'1 bar out shelf 3','N/A','uneven ',NULL,NULL,NULL,NULL,NULL,NULL,'d.p.','Wednesday','2018-08-08 08:15:11'
'1','17',1,0,0,0,0,1,1,0,NULL,'off',NULL,NULL,NULL,NULL,NULL,'off/down',NULL,NULL,'d.p.','Wednesday','2018-08-08 08:19:53'
'1','18',1,1,0,0,0,1,0,0,NULL,'off','some wilted ',NULL,NULL,NULL,NULL,NULL,NULL,NULL,'d.p.','Wednesday','2018-08-08 08:20:33'
